{
	"themeName": "!DiarrheaTrack",
	"wallMaterial": "CONCRETE TILES",
	"wallRoughness": 1,
	"wallMetallic": 1,
	"wallFullBright": 1,
	"wallTint":
	{
		"x": 0.22322796285152435,
		"y": 0.17144109308719635,
		"z": 0.12743768095970154
	},
	"wallTextureScale": 1,
	"floorMaterial": "WOOD FLOOR WALNUT",
	"floorRoughness": 0.30000001192092896,
	"floorMetallic": 1,
	"floorFullBright": 1,
	"floorTint":
	{
		"x": 0.7304607629776001,
		"y": 1,
		"z": 1
	},
	"floorTextureScale": 1,
	"ceilingMaterial": "WOOD FLOOR WALNUT",
	"ceilingRoughness": 0.30000001192092896,
	"ceilingMetallic": 1,
	"ceilingFullBright": 1,
	"ceilingTint":
	{
		"x": 0.7304607629776001,
		"y": 0.7304607629776001,
		"z": 0.7304607629776001
	},
	"ceilingTextureScale": 1,
	"rampMaterial": "GRID 16",
	"rampRoughness": 0.30000001192092896,
	"rampMetallic": 1,
	"rampFullBright": 0,
	"rampTint":
	{
		"x": 0.074213564395904541,
		"y": 0.074213564395904541,
		"z": 0.074213564395904541
	},
	"rampTextureScale": 1,
	"overrideEnemyHeadColor": true,
	"overrideEnemyBodyColor": true,
	"setEnemyBodyColorAsAttackColor": false,
	"enemyColorRoughness": 0.89999997615814209,
	"enemyColorMetallic": 1,
	"enemyColorFullBright": 0.5,
	"enemyHeadColor":
	{
		"x": 0.73791038990020752,
		"y": 1,
		"z": 0
	},
	"enemyHeadColorOnHit":
	{
		"x": 2.7122879404480405e+30,
		"y": 7.062544260197078e-43,
		"z": 0
	},
	"enemyHeadColorOnLookAt":
	{
		"x": 0,
		"y": 1920,
		"z": 1080
	},
	"enemyBodyColor":
	{
		"x": 0.73791038990020752,
		"y": 1,
		"z": 0
	},
	"enemyBodyColorOnHit":
	{
		"x": 1,
		"y": 0,
		"z": 0
	},
	"enemyBodyColorOnLookAt":
	{
		"x": -3.397059060716856e-07,
		"y": 4.5903735094352358e-41,
		"z": 0
	},
	"changeEnemyColorOnHit": false,
	"changeEnemyColorOnLookAt": false,
	"teamGlowUpHead": 0,
	"teamGlowUpBody": 0,
	"enemyGlowUpHead": 0,
	"enemyGlowUpBody": 1,
	"enemyGlowUpHeadOnHit": 0,
	"enemyGlowUpBodyOnHit": 0,
	"enemyGlowUpHeadOnLookAt": 0,
	"enemyGlowUpBodyOnLookAt": 0,
	"skyPresetId": 1,
	"cloudCoverId": 0,
	"solidSkyColor": false,
	"sunVisible": false,
	"skyColor":
	{
		"b": 162,
		"g": 225,
		"r": 255,
		"a": 255
	}
}