{
	"themeName": "!dogshit",
	"wallMaterial": "GREY WOOD BOARD",
	"wallRoughness": 0.1460258811712265,
	"wallMetallic": 0,
	"wallFullBright": 1,
	"wallTint":
	{
		"x": 0.45641103386878967,
		"y": 0.63075715303421021,
		"z": 0.7304607629776001
	},
	"wallTextureScale": 1,
	"floorMaterial": "CONCRETE POURED",
	"floorRoughness": 1,
	"floorMetallic": 1,
	"floorFullBright": 0.32058286666870117,
	"floorTint":
	{
		"x": 0.26225066184997559,
		"y": 0.36130678653717041,
		"z": 0.39675521850585938
	},
	"floorTextureScale": 1,
	"ceilingMaterial": "PURE COLOR",
	"ceilingRoughness": 1,
	"ceilingMetallic": 1,
	"ceilingFullBright": 0.89799636602401733,
	"ceilingTint":
	{
		"x": 0.10224173218011856,
		"y": 0.13286831974983215,
		"z": 0.16202937066555023
	},
	"ceilingTextureScale": 1,
	"rampMaterial": "CONCRETE TILES",
	"rampRoughness": 1,
	"rampMetallic": 0.79755669832229614,
	"rampFullBright": 1,
	"rampTint":
	{
		"x": 0.44520118832588196,
		"y": 0.44520118832588196,
		"z": 0.44520118832588196
	},
	"rampTextureScale": 1,
	"overrideEnemyHeadColor": true,
	"overrideEnemyBodyColor": true,
	"setEnemyBodyColorAsAttackColor": false,
	"enemyColorRoughness": 1,
	"enemyColorMetallic": 1,
	"enemyColorFullBright": 1,
	"enemyHeadColor":
	{
		"x": 1,
		"y": 1,
		"z": 1
	},
	"enemyHeadColorOnHit":
	{
		"x": 1,
		"y": 1,
		"z": 1
	},
	"enemyHeadColorOnLookAt":
	{
		"x": 1,
		"y": 1,
		"z": 0
	},
	"enemyBodyColor":
	{
		"x": 1,
		"y": 1,
		"z": 1
	},
	"enemyBodyColorOnHit":
	{
		"x": 1,
		"y": 1,
		"z": 1
	},
	"enemyBodyColorOnLookAt":
	{
		"x": 1,
		"y": 1,
		"z": 0
	},
	"changeEnemyColorOnHit": false,
	"changeEnemyColorOnLookAt": false,
	"teamGlowUpHead": 0,
	"teamGlowUpBody": 0,
	"enemyGlowUpHead": 0,
	"enemyGlowUpBody": 0,
	"enemyGlowUpHeadOnHit": 0,
	"enemyGlowUpBodyOnHit": 0,
	"enemyGlowUpHeadOnLookAt": 0,
	"enemyGlowUpBodyOnLookAt": 0,
	"skyPresetId": 6,
	"cloudCoverId": 0,
	"solidSkyColor": false,
	"sunVisible": false,
	"skyColor":
	{
		"b": 125,
		"g": 128,
		"r": 133,
		"a": 255
	}
}