{
	"themeName": "!IMBLUE",
	"wallMaterial": "CONCRETE TILES",
	"wallRoughness": 1,
	"wallMetallic": 0.79930192232131958,
	"wallFullBright": 1,
	"wallTint":
	{
		"x": 0.27049779891967773,
		"y": 0.29613825678825378,
		"z": 0.35153260827064514
	},
	"wallTextureScale": 1,
	"floorMaterial": "BRICK CLAY BEVELED",
	"floorRoughness": 1,
	"floorMetallic": 1,
	"floorFullBright": 0.80327868461608887,
	"floorTint":
	{
		"x": 0.32314321398735046,
		"y": 0.37123766541481018,
		"z": 0.43415364623069763
	},
	"floorTextureScale": 1,
	"ceilingMaterial": "CONCRETE TILES",
	"ceilingRoughness": 1,
	"ceilingMetallic": 0.80104714632034302,
	"ceilingFullBright": 0.8961748480796814,
	"ceilingTint":
	{
		"x": 0.27049779891967773,
		"y": 0.29613825678825378,
		"z": 0.35153260827064514
	},
	"ceilingTextureScale": 1,
	"rampMaterial": "CONCRETE TILES",
	"rampRoughness": 1,
	"rampMetallic": 0.79755669832229614,
	"rampFullBright": 1,
	"rampTint":
	{
		"x": 0.27049779891967773,
		"y": 0.29613825678825378,
		"z": 0.35153260827064514
	},
	"rampTextureScale": 1,
	"overrideEnemyHeadColor": true,
	"overrideEnemyBodyColor": true,
	"setEnemyBodyColorAsAttackColor": false,
	"enemyColorRoughness": 1,
	"enemyColorMetallic": 0,
	"enemyColorFullBright": 0.30236795544624329,
	"enemyHeadColor":
	{
		"x": 0,
		"y": 0,
		"z": 0
	},
	"enemyHeadColorOnHit":
	{
		"x": 1,
		"y": 1,
		"z": 1
	},
	"enemyHeadColorOnLookAt":
	{
		"x": 1,
		"y": 1,
		"z": 0
	},
	"enemyBodyColor":
	{
		"x": 1,
		"y": 1,
		"z": 1
	},
	"enemyBodyColorOnHit":
	{
		"x": 1,
		"y": 1,
		"z": 1
	},
	"enemyBodyColorOnLookAt":
	{
		"x": 1,
		"y": 1,
		"z": 0
	},
	"changeEnemyColorOnHit": false,
	"changeEnemyColorOnLookAt": false,
	"teamGlowUpHead": 0,
	"teamGlowUpBody": 0,
	"enemyGlowUpHead": 0,
	"enemyGlowUpBody": 0,
	"enemyGlowUpHeadOnHit": 0,
	"enemyGlowUpBodyOnHit": 0,
	"enemyGlowUpHeadOnLookAt": 0,
	"enemyGlowUpBodyOnLookAt": 0,
	"skyPresetId": 8,
	"cloudCoverId": 0,
	"solidSkyColor": false,
	"sunVisible": false,
	"skyColor":
	{
		"b": 232,
		"g": 211,
		"r": 206,
		"a": 255
	}
}