{
	"themeName": "01static BLUE ",
	"wallMaterial": "PURE COLOR",
	"wallRoughness": 1,
	"wallMetallic": 0,
	"wallFullBright": 0.81999999284744263,
	"wallTint":
	{
		"x": 0.16202899813652039,
		"y": 0.28744098544120789,
		"z": 0.51491802930831909
	},
	"wallTextureScale": 10,
	"floorMaterial": "BRICK CLAY BEVELED",
	"floorRoughness": 1,
	"floorMetallic": 1,
	"floorFullBright": 1,
	"floorTint":
	{
		"x": 1,
		"y": 1,
		"z": 1
	},
	"floorTextureScale": 1,
	"ceilingMaterial": "BRICK CLAY BEVELED",
	"ceilingRoughness": 1,
	"ceilingMetallic": 1,
	"ceilingFullBright": 1,
	"ceilingTint":
	{
		"x": 0.5,
		"y": 0.5,
		"z": 0.5
	},
	"ceilingTextureScale": 10,
	"rampMaterial": "PURE COLOR",
	"rampRoughness": 1,
	"rampMetallic": 1,
	"rampFullBright": 0.80000001192092896,
	"rampTint":
	{
		"x": 0.21223099529743195,
		"y": 0.21223099529743195,
		"z": 0.21223099529743195
	},
	"rampTextureScale": 1,
	"overrideEnemyHeadColor": true,
	"overrideEnemyBodyColor": true,
	"setEnemyBodyColorAsAttackColor": false,
	"enemyColorRoughness": 1,
	"enemyColorMetallic": 0.059999998658895493,
	"enemyColorFullBright": 0.2199999988079071,
	"enemyHeadColor":
	{
		"x": 0,
		"y": 0,
		"z": 0
	},
	"enemyHeadColorOnHit":
	{
		"x": 1,
		"y": 1,
		"z": 1
	},
	"enemyHeadColorOnLookAt":
	{
		"x": 1,
		"y": 1,
		"z": 0
	},
	"enemyBodyColor":
	{
		"x": 0,
		"y": 0,
		"z": 0
	},
	"enemyBodyColorOnHit":
	{
		"x": 1,
		"y": 1,
		"z": 1
	},
	"enemyBodyColorOnLookAt":
	{
		"x": 1,
		"y": 1,
		"z": 0
	},
	"changeEnemyColorOnHit": false,
	"changeEnemyColorOnLookAt": false,
	"teamGlowUpHead": 1,
	"teamGlowUpBody": 1,
	"enemyGlowUpHead": 1,
	"enemyGlowUpBody": 1,
	"enemyGlowUpHeadOnHit": 1,
	"enemyGlowUpBodyOnHit": 1,
	"enemyGlowUpHeadOnLookAt": 1,
	"enemyGlowUpBodyOnLookAt": 1,
	"skyPresetId": 11,
	"cloudCoverId": 3,
	"solidSkyColor": true,
	"sunVisible": true,
	"skyColor":
	{
		"b": 164,
		"g": 146,
		"r": 112,
		"a": 255
	}
}