{
	"themeName": "0mbm type beat",
	"wallMaterial": "BRICK CLAY BEVELED",
	"wallRoughness": 0.80000001192092896,
	"wallMetallic": 0,
	"wallFullBright": 0.80000001192092896,
	"wallTint":
	{
		"x": 1,
		"y": 1,
		"z": 1
	},
	"wallTextureScale": 0.80000001192092896,
	"floorMaterial": "CONCRETE POURED",
	"floorRoughness": 1,
	"floorMetallic": 1,
	"floorFullBright": 1,
	"floorTint":
	{
		"x": 0.38132601976394653,
		"y": 0.38132601976394653,
		"z": 0.38132601976394653
	},
	"floorTextureScale": 1,
	"ceilingMaterial": "CONCRETE POURED",
	"ceilingRoughness": 1,
	"ceilingMetallic": 1,
	"ceilingFullBright": 1,
	"ceilingTint":
	{
		"x": 0.38132601976394653,
		"y": 0.38132601976394653,
		"z": 0.38132601976394653
	},
	"ceilingTextureScale": 1,
	"rampMaterial": "CONCRETE POURED",
	"rampRoughness": 1,
	"rampMetallic": 1,
	"rampFullBright": 1,
	"rampTint":
	{
		"x": 0.38132601976394653,
		"y": 0.38132601976394653,
		"z": 0.38132601976394653
	},
	"rampTextureScale": 1,
	"overrideEnemyHeadColor": true,
	"overrideEnemyBodyColor": true,
	"setEnemyBodyColorAsAttackColor": false,
	"enemyColorRoughness": 0.63999998569488525,
	"enemyColorMetallic": 0.23999999463558197,
	"enemyColorFullBright": 0,
	"enemyHeadColor":
	{
		"x": 0,
		"y": 0,
		"z": 0
	},
	"enemyHeadColorOnHit":
	{
		"x": 1,
		"y": 1,
		"z": 1
	},
	"enemyHeadColorOnLookAt":
	{
		"x": 1,
		"y": 1,
		"z": 0
	},
	"enemyBodyColor":
	{
		"x": 0,
		"y": 0,
		"z": 0
	},
	"enemyBodyColorOnHit":
	{
		"x": 1,
		"y": 1,
		"z": 1
	},
	"enemyBodyColorOnLookAt":
	{
		"x": 1,
		"y": 1,
		"z": 0
	},
	"changeEnemyColorOnHit": false,
	"changeEnemyColorOnLookAt": false,
	"teamGlowUpHead": 0,
	"teamGlowUpBody": 0,
	"enemyGlowUpHead": 0,
	"enemyGlowUpBody": 0,
	"enemyGlowUpHeadOnHit": 0,
	"enemyGlowUpBodyOnHit": 0,
	"enemyGlowUpHeadOnLookAt": 0,
	"enemyGlowUpBodyOnLookAt": 0,
	"skyPresetId": 0,
	"cloudCoverId": 0,
	"solidSkyColor": true,
	"sunVisible": false,
	"skyColor":
	{
		"b": 120,
		"g": 120,
		"r": 120,
		"a": 255
	}
}