{
	"themeName": "0track",
	"wallMaterial": "CONCRETE TILES",
	"wallRoughness": 0.60000002384185791,
	"wallMetallic": 1,
	"wallFullBright": 0.34999999403953552,
	"wallTint":
	{
		"x": 0.90466117858886719,
		"y": 0.90466117858886719,
		"z": 0.95597332715988159
	},
	"wallTextureScale": 1,
	"floorMaterial": "BRICK CLAY BEVELED",
	"floorRoughness": 0.69999998807907104,
	"floorMetallic": 0.63999998569488525,
	"floorFullBright": 0.63999998569488525,
	"floorTint":
	{
		"x": 0.5,
		"y": 0.5,
		"z": 0.5
	},
	"floorTextureScale": 1,
	"ceilingMaterial": "WHITE WOOD BOARD",
	"ceilingRoughness": 1,
	"ceilingMetallic": 1,
	"ceilingFullBright": 1,
	"ceilingTint":
	{
		"x": 0.1384316086769104,
		"y": 0.1384316086769104,
		"z": 0.16202937066555023
	},
	"ceilingTextureScale": 1,
	"rampMaterial": "CONCRETE TILES",
	"rampRoughness": 0.60000002384185791,
	"rampMetallic": 1,
	"rampFullBright": 0.34999999403953552,
	"rampTint":
	{
		"x": 0.5,
		"y": 0.5,
		"z": 0.5
	},
	"rampTextureScale": 1,
	"overrideEnemyHeadColor": true,
	"overrideEnemyBodyColor": true,
	"setEnemyBodyColorAsAttackColor": false,
	"enemyColorRoughness": 1,
	"enemyColorMetallic": 0.23999999463558197,
	"enemyColorFullBright": 0.23999999463558197,
	"enemyHeadColor":
	{
		"x": 1,
		"y": 1,
		"z": 1
	},
	"enemyHeadColorOnHit":
	{
		"x": 1,
		"y": 1,
		"z": 1
	},
	"enemyHeadColorOnLookAt":
	{
		"x": 1,
		"y": 1,
		"z": 1
	},
	"enemyBodyColor":
	{
		"x": 1,
		"y": 1,
		"z": 1
	},
	"enemyBodyColorOnHit":
	{
		"x": 1,
		"y": 1,
		"z": 1
	},
	"enemyBodyColorOnLookAt":
	{
		"x": 0.74540418386459351,
		"y": 0.74540418386459351,
		"z": 0.74540418386459351
	},
	"changeEnemyColorOnHit": false,
	"changeEnemyColorOnLookAt": false,
	"teamGlowUpHead": 1,
	"teamGlowUpBody": 1,
	"enemyGlowUpHead": 1,
	"enemyGlowUpBody": 1,
	"enemyGlowUpHeadOnHit": 1,
	"enemyGlowUpBodyOnHit": 1,
	"enemyGlowUpHeadOnLookAt": 1,
	"enemyGlowUpBodyOnLookAt": 1,
	"skyPresetId": 8,
	"cloudCoverId": 0,
	"solidSkyColor": false,
	"sunVisible": true,
	"skyColor":
	{
		"b": 204,
		"g": 188,
		"r": 188,
		"a": 255
	}
}