{
	"themeName": "1EYE DAMAGE STATIC",
	"wallMaterial": "PURE COLOR",
	"wallRoughness": 0.6600000262260437,
	"wallMetallic": 0,
	"wallFullBright": 0,
	"wallTint":
	{
		"x": 0.60382735729217529,
		"y": 0.60382735729217529,
		"z": 0.60382735729217529
	},
	"wallTextureScale": 1,
	"floorMaterial": "PURE COLOR",
	"floorRoughness": 0.6600000262260437,
	"floorMetallic": 0,
	"floorFullBright": 0,
	"floorTint":
	{
		"x": 0.60382735729217529,
		"y": 0.60382735729217529,
		"z": 0.60382735729217529
	},
	"floorTextureScale": 1,
	"ceilingMaterial": "PURE COLOR",
	"ceilingRoughness": 1,
	"ceilingMetallic": 0,
	"ceilingFullBright": 1,
	"ceilingTint":
	{
		"x": 0.50288647413253784,
		"y": 0.50288647413253784,
		"z": 0.67244315147399902
	},
	"ceilingTextureScale": 1,
	"rampMaterial": "PURE COLOR",
	"rampRoughness": 0.6600000262260437,
	"rampMetallic": 0,
	"rampFullBright": 0,
	"rampTint":
	{
		"x": 0.60382735729217529,
		"y": 0.60382735729217529,
		"z": 0.60382735729217529
	},
	"rampTextureScale": 1,
	"overrideEnemyHeadColor": true,
	"overrideEnemyBodyColor": true,
	"setEnemyBodyColorAsAttackColor": false,
	"enemyColorRoughness": 1,
	"enemyColorMetallic": 1,
	"enemyColorFullBright": 1,
	"enemyHeadColor":
	{
		"x": 0,
		"y": 0,
		"z": 0
	},
	"enemyHeadColorOnHit":
	{
		"x": 1,
		"y": 1,
		"z": 1
	},
	"enemyHeadColorOnLookAt":
	{
		"x": 1,
		"y": 1,
		"z": 0
	},
	"enemyBodyColor":
	{
		"x": 0,
		"y": 0,
		"z": 0
	},
	"enemyBodyColorOnHit":
	{
		"x": 1,
		"y": 1,
		"z": 1
	},
	"enemyBodyColorOnLookAt":
	{
		"x": 1,
		"y": 1,
		"z": 0
	},
	"changeEnemyColorOnHit": false,
	"changeEnemyColorOnLookAt": false,
	"teamGlowUpHead": 1,
	"teamGlowUpBody": 1,
	"enemyGlowUpHead": 1,
	"enemyGlowUpBody": 1,
	"enemyGlowUpHeadOnHit": 1,
	"enemyGlowUpBodyOnHit": 1,
	"enemyGlowUpHeadOnLookAt": 1,
	"enemyGlowUpBodyOnLookAt": 1,
	"skyPresetId": 6,
	"cloudCoverId": 0,
	"solidSkyColor": false,
	"sunVisible": false,
	"skyColor":
	{
		"b": 255,
		"g": 255,
		"r": 255,
		"a": 255
	}
}