{
	"themeName": "22^_^22",
	"wallMaterial": "CONCRETE TILES",
	"wallRoughness": 0.60000002384185791,
	"wallMetallic": 1,
	"wallFullBright": 0.34999999403953552,
	"wallTint":
	{
		"x": 1,
		"y": 1,
		"z": 1
	},
	"floorMaterial": "BRICK CLAY BEVELED",
	"floorRoughness": 0.69999998807907104,
	"floorMetallic": 0,
	"floorFullBright": 1,
	"floorTint":
	{
		"x": 1,
		"y": 1,
		"z": 1
	},
	"overrideEnemyHeadColor": true,
	"overrideEnemyBodyColor": true,
	"setEnemyBodyColorAsAttackColor": false,
	"enemyColorRoughness": 0.64999997615814209,
	"enemyColorMetallic": 0.30000001192092896,
	"enemyColorFullBright": 1,
	"enemyHeadColor":
	{
		"x": 1,
		"y": 1,
		"z": 1
	},
	"enemyBodyColor":
	{
		"x": 1,
		"y": 1,
		"z": 1
	},
	"skyPresetId": 0,
	"cloudCoverId": 5,
	"solidSkyColor": false,
	"sunVisible": false,
	"skyColor":
	{
		"b": 162,
		"g": 155,
		"r": 154,
		"a": 255
	}
}