{
	"themeName": "2check the statistacs",
	"wallMaterial": "PURE COLOR",
	"wallRoughness": 0.87999999523162842,
	"wallMetallic": 0,
	"wallFullBright": 0.34000000357627869,
	"wallTint":
	{
		"x": 0.50288647413253784,
		"y": 0.50288647413253784,
		"z": 0.50288647413253784
	},
	"wallTextureScale": 1,
	"floorMaterial": "PURE COLOR",
	"floorRoughness": 1,
	"floorMetallic": 1,
	"floorFullBright": 0,
	"floorTint":
	{
		"x": 0.38132601976394653,
		"y": 0.38132601976394653,
		"z": 0.38132601976394653
	},
	"floorTextureScale": 1,
	"ceilingMaterial": "PURE COLOR",
	"ceilingRoughness": 1,
	"ceilingMetallic": 1,
	"ceilingFullBright": 0.23999999463558197,
	"ceilingTint":
	{
		"x": 0.7304607629776001,
		"y": 0.7304607629776001,
		"z": 0.82278573513031006
	},
	"ceilingTextureScale": 1,
	"rampMaterial": "PURE COLOR",
	"rampRoughness": 1,
	"rampMetallic": 1,
	"rampFullBright": 0,
	"rampTint":
	{
		"x": 0.27889427542686462,
		"y": 0.27889427542686462,
		"z": 0.27889427542686462
	},
	"rampTextureScale": 1,
	"overrideEnemyHeadColor": true,
	"overrideEnemyBodyColor": true,
	"setEnemyBodyColorAsAttackColor": false,
	"enemyColorRoughness": 0.87999999523162842,
	"enemyColorMetallic": 0,
	"enemyColorFullBright": 1,
	"enemyHeadColor":
	{
		"x": 0,
		"y": 0,
		"z": 0
	},
	"enemyHeadColorOnHit":
	{
		"x": 1,
		"y": 1,
		"z": 1
	},
	"enemyHeadColorOnLookAt":
	{
		"x": 1,
		"y": 1,
		"z": 0
	},
	"enemyBodyColor":
	{
		"x": 0,
		"y": 0,
		"z": 0
	},
	"enemyBodyColorOnHit":
	{
		"x": 1,
		"y": 1,
		"z": 1
	},
	"enemyBodyColorOnLookAt":
	{
		"x": 1,
		"y": 1,
		"z": 0
	},
	"changeEnemyColorOnHit": false,
	"changeEnemyColorOnLookAt": false,
	"teamGlowUpHead": 1,
	"teamGlowUpBody": 1,
	"enemyGlowUpHead": 1,
	"enemyGlowUpBody": 1,
	"enemyGlowUpHeadOnHit": 1,
	"enemyGlowUpBodyOnHit": 1,
	"enemyGlowUpHeadOnLookAt": 1,
	"enemyGlowUpBodyOnLookAt": 1,
	"skyPresetId": 6,
	"cloudCoverId": 0,
	"solidSkyColor": false,
	"sunVisible": false,
	"skyColor":
	{
		"b": 255,
		"g": 255,
		"r": 255,
		"a": 255
	}
}