{
	"themeName": "Bloody Monday",
	"wallMaterial": "WHITE WOOD BOARD",
	"wallRoughness": 1,
	"wallMetallic": 1,
	"wallFullBright": 1,
	"wallTint":
	{
		"x": 0.015208514407277107,
		"y": 0.015208514407277107,
		"z": 0.015208514407277107
	},
	"floorMaterial": "WHITE WOOD BOARD",
	"floorRoughness": 1,
	"floorMetallic": 1,
	"floorFullBright": 0.80000001192092896,
	"floorTint":
	{
		"x": 0.015208514407277107,
		"y": 0.015208514407277107,
		"z": 0.015208514407277107
	},
	"overrideEnemyHeadColor": true,
	"overrideEnemyBodyColor": true,
	"setEnemyBodyColorAsAttackColor": false,
	"enemyColorRoughness": 0.36000001430511475,
	"enemyColorMetallic": 0.12999999523162842,
	"enemyColorFullBright": 0.5899999737739563,
	"enemyHeadColor":
	{
		"x": 1,
		"y": 0.72699999809265137,
		"z": 0
	},
	"enemyBodyColor":
	{
		"x": 1,
		"y": 1,
		"z": 1
	},
	"skyPresetId": 1,
	"cloudCoverId": 0,
	"solidSkyColor": false,
	"sunVisible": true,
	"skyColor":
	{
		"b": 115,
		"g": 115,
		"r": 255,
		"a": 255
	},
	"teamGlowUpHead": 1,
	"teamGlowUpBody": 1,
	"enemyGlowUpHead": 1,
	"enemyGlowUpBody": 1,
	"enemyGlowUpHeadOnHit": 1,
	"enemyGlowUpBodyOnHit": 1,
	"enemyGlowUpHeadOnLookAt": 1,
	"enemyGlowUpBodyOnLookAt": 1
}