{
	"themeName": "clotag-alternate",
	"wallMaterial": "MARBLE POLISHED",
	"wallRoughness": 1,
	"wallMetallic": 1,
	"wallFullBright": 1,
	"wallTint":
	{
		"x": 0.30946892499923706,
		"y": 0.30946892499923706,
		"z": 0.30946892499923706
	},
	"wallTextureScale": 1,
	"floorMaterial": "WHITE WOOD BOARD",
	"floorRoughness": 1,
	"floorMetallic": 1,
	"floorFullBright": 0.91151201725006104,
	"floorTint":
	{
		"x": 0.21223099529743195,
		"y": 0.21223099529743195,
		"z": 0.21223099529743195
	},
	"floorTextureScale": 1,
	"ceilingMaterial": "WHITE WOOD BOARD",
	"ceilingRoughness": 1,
	"ceilingMetallic": 1,
	"ceilingFullBright": 0.4493127167224884,
	"ceilingTint":
	{
		"x": 0.41254261136054993,
		"y": 0.41254261136054993,
		"z": 0.41254261136054993
	},
	"ceilingTextureScale": 1,
	"rampMaterial": "GRID 16",
	"rampRoughness": 1,
	"rampMetallic": 1,
	"rampFullBright": 1,
	"rampTint":
	{
		"x": 0.13286831974983215,
		"y": 0.13286831974983215,
		"z": 0.13286831974983215
	},
	"rampTextureScale": 1,
	"overrideEnemyHeadColor": true,
	"overrideEnemyBodyColor": true,
	"setEnemyBodyColorAsAttackColor": false,
	"enemyColorRoughness": 0.15000000596046448,
	"enemyColorMetallic": 0.5,
	"enemyColorFullBright": 0.10000000149011612,
	"enemyHeadColor":
	{
		"x": 0,
		"y": 0,
		"z": 0
	},
	"enemyHeadColorOnHit":
	{
		"x": 1,
		"y": 1,
		"z": 1
	},
	"enemyHeadColorOnLookAt":
	{
		"x": 1,
		"y": 1,
		"z": 0
	},
	"enemyBodyColor":
	{
		"x": 0,
		"y": 0,
		"z": 0
	},
	"enemyBodyColorOnHit":
	{
		"x": 1,
		"y": 1,
		"z": 1
	},
	"enemyBodyColorOnLookAt":
	{
		"x": 1,
		"y": 1,
		"z": 0
	},
	"changeEnemyColorOnHit": false,
	"changeEnemyColorOnLookAt": false,
	"teamGlowUpHead": 1,
	"teamGlowUpBody": 1,
	"enemyGlowUpHead": 15,
	"enemyGlowUpBody": 15,
	"enemyGlowUpHeadOnHit": 1,
	"enemyGlowUpBodyOnHit": 1,
	"enemyGlowUpHeadOnLookAt": 1,
	"enemyGlowUpBodyOnLookAt": 1,
	"skyPresetId": 8,
	"cloudCoverId": 0,
	"solidSkyColor": false,
	"sunVisible": false,
	"skyColor":
	{
		"b": 188,
		"g": 188,
		"r": 188,
		"a": 255
	}
}