{
	"themeName": "clover-emo",
	"wallMaterial": "WHITE WOOD BOARD",
	"wallRoughness": 0.62681162357330322,
	"wallMetallic": 0,
	"wallFullBright": 1,
	"wallTint":
	{
		"x": 0.045186202973127365,
		"y": 0.045186202973127365,
		"z": 0.045186202973127365
	},
	"wallTextureScale": 1,
	"floorMaterial": "MARBLE POLISHED",
	"floorRoughness": 1,
	"floorMetallic": 1,
	"floorFullBright": 1,
	"floorTint":
	{
		"x": 0.045186202973127365,
		"y": 0.045186202973127365,
		"z": 0.045186202973127365
	},
	"floorTextureScale": 0.44999998807907104,
	"ceilingMaterial": "MARBLE POLISHED",
	"ceilingRoughness": 0,
	"ceilingMetallic": 1,
	"ceilingFullBright": 1,
	"ceilingTint":
	{
		"x": 0.045186202973127365,
		"y": 0.045186202973127365,
		"z": 0.045186202973127365
	},
	"ceilingTextureScale": 1.0399999618530273,
	"rampMaterial": "WHITE WOOD BOARD",
	"rampRoughness": 1,
	"rampMetallic": 1,
	"rampFullBright": 0.8399999737739563,
	"rampTint":
	{
		"x": 0.045186202973127365,
		"y": 0.045186202973127365,
		"z": 0.045186202973127365
	},
	"rampTextureScale": 1,
	"overrideEnemyHeadColor": true,
	"overrideEnemyBodyColor": true,
	"setEnemyBodyColorAsAttackColor": false,
	"enemyColorRoughness": 1,
	"enemyColorMetallic": 0,
	"enemyColorFullBright": 1,
	"enemyHeadColor":
	{
		"x": 1,
		"y": 1,
		"z": 1
	},
	"enemyHeadColorOnHit":
	{
		"x": 1,
		"y": 1,
		"z": 1
	},
	"enemyHeadColorOnLookAt":
	{
		"x": 1,
		"y": 1,
		"z": 0
	},
	"enemyBodyColor":
	{
		"x": 1,
		"y": 1,
		"z": 1
	},
	"enemyBodyColorOnHit":
	{
		"x": 1,
		"y": 1,
		"z": 1
	},
	"enemyBodyColorOnLookAt":
	{
		"x": 1,
		"y": 1,
		"z": 0
	},
	"changeEnemyColorOnHit": false,
	"changeEnemyColorOnLookAt": false,
	"teamGlowUpHead": 1,
	"teamGlowUpBody": 1,
	"enemyGlowUpHead": 2,
	"enemyGlowUpBody": 2,
	"enemyGlowUpHeadOnHit": 1,
	"enemyGlowUpBodyOnHit": 1,
	"enemyGlowUpHeadOnLookAt": 1,
	"enemyGlowUpBodyOnLookAt": 1,
	"skyPresetId": 11,
	"cloudCoverId": 0,
	"solidSkyColor": false,
	"sunVisible": false,
	"skyColor":
	{
		"b": 77,
		"g": 77,
		"r": 77,
		"a": 255
	}
}