{
	"themeName": "clover-palace",
	"wallMaterial": "MARBLE POLISHED",
	"wallRoughness": 1,
	"wallMetallic": 1,
	"wallFullBright": 0.45103093981742859,
	"wallTint":
	{
		"x": 0.20507873594760895,
		"y": 0.20507873594760895,
		"z": 0.19806931912899017
	},
	"wallTextureScale": 1,
	"floorMaterial": "WHITE WOOD BOARD",
	"floorRoughness": 1,
	"floorMetallic": 1,
	"floorFullBright": 1,
	"floorTint":
	{
		"x": 0.11443537473678589,
		"y": 0.1119324266910553,
		"z": 0.12477181851863861
	},
	"floorTextureScale": 1,
	"ceilingMaterial": "WHITE WOOD BOARD",
	"ceilingRoughness": 1,
	"ceilingMetallic": 1,
	"ceilingFullBright": 1,
	"ceilingTint":
	{
		"x": 0.11443537473678589,
		"y": 0.1119324266910553,
		"z": 0.12477181851863861
	},
	"ceilingTextureScale": 1,
	"rampMaterial": "WHITE WOOD BOARD",
	"rampRoughness": 1,
	"rampMetallic": 1,
	"rampFullBright": 1,
	"rampTint":
	{
		"x": 0.11443537473678589,
		"y": 0.1119324266910553,
		"z": 0.12477181851863861
	},
	"rampTextureScale": 1,
	"overrideEnemyHeadColor": false,
	"overrideEnemyBodyColor": true,
	"setEnemyBodyColorAsAttackColor": false,
	"enemyColorRoughness": 0.6600000262260437,
	"enemyColorMetallic": 0,
	"enemyColorFullBright": 1,
	"enemyHeadColor":
	{
		"x": 0.57758045196533203,
		"y": 0.57758045196533203,
		"z": 0.57758045196533203
	},
	"enemyHeadColorOnHit":
	{
		"x": 1,
		"y": 1,
		"z": 1
	},
	"enemyHeadColorOnLookAt":
	{
		"x": 0,
		"y": 0,
		"z": 0
	},
	"enemyBodyColor":
	{
		"x": 0.57758045196533203,
		"y": 0.57758045196533203,
		"z": 0.57758045196533203
	},
	"enemyBodyColorOnHit":
	{
		"x": 1,
		"y": 1,
		"z": 1
	},
	"enemyBodyColorOnLookAt":
	{
		"x": 0,
		"y": 0,
		"z": 0
	},
	"changeEnemyColorOnHit": false,
	"changeEnemyColorOnLookAt": false,
	"teamGlowUpHead": 0,
	"teamGlowUpBody": 0,
	"enemyGlowUpHead": 0,
	"enemyGlowUpBody": 5,
	"enemyGlowUpHeadOnHit": 0,
	"enemyGlowUpBodyOnHit": 0,
	"enemyGlowUpHeadOnLookAt": 0,
	"enemyGlowUpBodyOnLookAt": 0,
	"skyPresetId": 6,
	"cloudCoverId": 1,
	"solidSkyColor": false,
	"sunVisible": false,
	"skyColor":
	{
		"b": 129,
		"g": 133,
		"r": 155,
		"a": 255
	}
}