{
	"themeName": "raidenZv's theme",
	"wallMaterial": "BRICK DARK",
	"wallRoughness": 1,
	"wallMetallic": 1,
	"wallFullBright": 1,
	"wallTint":
	{
		"x": 1,
		"y": 1,
		"z": 1
	},
	"floorMaterial": "BRICK DARK",
	"floorRoughness": 1,
	"floorMetallic": 1,
	"floorFullBright": 0.80000001192092896,
	"floorTint":
	{
		"x": 1,
		"y": 1,
		"z": 1
	},
	"overrideEnemyHeadColor": true,
	"overrideEnemyBodyColor": true,
	"setEnemyBodyColorAsAttackColor": false,
	"enemyColorRoughness": 1,
	"enemyColorMetallic": 0,
	"enemyColorFullBright": 1,
	"enemyHeadColor":
	{
		"x": 1,
		"y": 1,
		"z": 1
	},
	"enemyBodyColor":
	{
		"x": 1,
		"y": 1,
		"z": 1
	},
	"skyPresetId": 7,
	"cloudCoverId": 0,
	"solidSkyColor": false,
	"sunVisible": false,
	"skyColor":
	{
		"b": 188,
		"g": 188,
		"r": 188,
		"a": 255
	}
}