{
	"themeName": "Dark",
	"wallMaterial": "PURE COLOR",
	"wallRoughness": 1,
	"wallMetallic": 0,
	"wallFullBright": 0,
	"wallTint":
	{
		"x": 0,
		"y": 0,
		"z": 0
	},
	"wallTextureScale": 1,
	"floorMaterial": "PURE COLOR",
	"floorRoughness": 1,
	"floorMetallic": 0.63999998569488525,
	"floorFullBright": 0,
	"floorTint":
	{
		"x": 0,
		"y": 0,
		"z": 0
	},
	"floorTextureScale": 1,
	"ceilingMaterial": "PURE COLOR",
	"ceilingRoughness": 1,
	"ceilingMetallic": 0,
	"ceilingFullBright": 0.30000001192092896,
	"ceilingTint":
	{
		"x": 0,
		"y": 0,
		"z": 0
	},
	"ceilingTextureScale": 1,
	"rampMaterial": "PURE COLOR",
	"rampRoughness": 1,
	"rampMetallic": 0,
	"rampFullBright": 0.80000001192092896,
	"rampTint":
	{
		"x": 0,
		"y": 0,
		"z": 0
	},
	"rampTextureScale": 1,
	"overrideEnemyHeadColor": true,
	"overrideEnemyBodyColor": true,
	"setEnemyBodyColorAsAttackColor": false,
	"enemyColorRoughness": 1,
	"enemyColorMetallic": 1,
	"enemyColorFullBright": 0.090000003576278687,
	"enemyHeadColor":
	{
		"x": 0,
		"y": 0.61400002241134644,
		"z": 0.42429599165916443
	},
	"enemyHeadColorOnHit":
	{
		"x": 1,
		"y": 1,
		"z": 1
	},
	"enemyHeadColorOnLookAt":
	{
		"x": 1,
		"y": 1,
		"z": 0
	},
	"enemyBodyColor":
	{
		"x": 0,
		"y": 0.61400002241134644,
		"z": 0.42429599165916443
	},
	"enemyBodyColorOnHit":
	{
		"x": 1,
		"y": 1,
		"z": 1
	},
	"enemyBodyColorOnLookAt":
	{
		"x": 1,
		"y": 1,
		"z": 0
	},
	"changeEnemyColorOnHit": false,
	"changeEnemyColorOnLookAt": false,
	"teamGlowUpHead": 1,
	"teamGlowUpBody": 1,
	"enemyGlowUpHead": 1,
	"enemyGlowUpBody": 119,
	"enemyGlowUpHeadOnHit": 1,
	"enemyGlowUpBodyOnHit": 1,
	"enemyGlowUpHeadOnLookAt": 1,
	"enemyGlowUpBodyOnLookAt": 1,
	"skyPresetId": 1,
	"cloudCoverId": 0,
	"solidSkyColor": false,
	"sunVisible": true,
	"skyColor":
	{
		"b": 127,
		"g": 127,
		"r": 127,
		"a": 255
	}
}