{
	"themeName": "Dark Brick",
	"wallMaterial": "BRICK DARK",
	"wallRoughness": 0.95999997854232788,
	"wallMetallic": 0.63999998569488525,
	"wallFullBright": 0.74000000953674316,
	"wallTint":
	{
		"x": 1,
		"y": 1,
		"z": 1
	},
	"wallTextureScale": 1.2000000476837158,
	"floorMaterial": "BRICK DARK",
	"floorRoughness": 0.92000001668930054,
	"floorMetallic": 1,
	"floorFullBright": 0.6600000262260437,
	"floorTint":
	{
		"x": 1,
		"y": 1,
		"z": 1
	},
	"floorTextureScale": 2.4000000953674316,
	"ceilingMaterial": "BRICK DARK",
	"ceilingRoughness": 1,
	"ceilingMetallic": 1,
	"ceilingFullBright": 1,
	"ceilingTint":
	{
		"x": 1,
		"y": 1,
		"z": 1
	},
	"ceilingTextureScale": 2.4000000953674316,
	"rampMaterial": "BRICK DARK",
	"rampRoughness": 1,
	"rampMetallic": 1,
	"rampFullBright": 1,
	"rampTint":
	{
		"x": 1,
		"y": 1,
		"z": 1
	},
	"rampTextureScale": 1,
	"overrideEnemyHeadColor": true,
	"overrideEnemyBodyColor": true,
	"setEnemyBodyColorAsAttackColor": false,
	"enemyColorRoughness": 0.52999997138977051,
	"enemyColorMetallic": 0,
	"enemyColorFullBright": 0.68999999761581421,
	"enemyHeadColor":
	{
		"x": 0.90104198455810547,
		"y": 0.012354999780654907,
		"z": 0.012354999780654907
	},
	"enemyHeadColorOnHit":
	{
		"x": 1,
		"y": 1,
		"z": 1
	},
	"enemyHeadColorOnLookAt":
	{
		"x": 1,
		"y": 1,
		"z": 0
	},
	"enemyBodyColor":
	{
		"x": 1,
		"y": 1,
		"z": 1
	},
	"enemyBodyColorOnHit":
	{
		"x": 1,
		"y": 1,
		"z": 1
	},
	"enemyBodyColorOnLookAt":
	{
		"x": 1,
		"y": 1,
		"z": 0
	},
	"changeEnemyColorOnHit": false,
	"changeEnemyColorOnLookAt": false,
	"teamGlowUpHead": 1,
	"teamGlowUpBody": 1,
	"enemyGlowUpHead": 1,
	"enemyGlowUpBody": 1,
	"enemyGlowUpHeadOnHit": 1,
	"enemyGlowUpBodyOnHit": 1,
	"enemyGlowUpHeadOnLookAt": 1,
	"enemyGlowUpBodyOnLookAt": 1,
	"skyPresetId": 3,
	"cloudCoverId": 0,
	"solidSkyColor": false,
	"sunVisible": true,
	"skyColor":
	{
		"b": 55,
		"g": 55,
		"r": 55,
		"a": 255
	}
}