{
	"themeName": "deLiGHT",
	"wallMaterial": "CONCRETE TILES",
	"wallRoughness": 1,
	"wallMetallic": 0.4699999988079071,
	"wallFullBright": 0.8399999737739563,
	"wallTint":
	{
		"x": 1,
		"y": 1,
		"z": 1
	},
	"wallTextureScale": 1,
	"floorMaterial": "GROUND GRAVEL",
	"floorRoughness": 1,
	"floorMetallic": 0.25999999046325684,
	"floorFullBright": 1,
	"floorTint":
	{
		"x": 1,
		"y": 1,
		"z": 1
	},
	"floorTextureScale": 1,
	"ceilingMaterial": "MARBLE POLISHED",
	"ceilingRoughness": 1,
	"ceilingMetallic": 1,
	"ceilingFullBright": 1,
	"ceilingTint":
	{
		"x": 0.30498731136322021,
		"y": 0.30498731136322021,
		"z": 0.30498731136322021
	},
	"ceilingTextureScale": 1,
	"rampMaterial": "MARBLE POLISHED",
	"rampRoughness": 1,
	"rampMetallic": 1,
	"rampFullBright": 0.89999997615814209,
	"rampTint":
	{
		"x": 0.22322796285152435,
		"y": 0.22322796285152435,
		"z": 0.22322796285152435
	},
	"rampTextureScale": 1,
	"overrideEnemyHeadColor": true,
	"overrideEnemyBodyColor": true,
	"setEnemyBodyColorAsAttackColor": false,
	"enemyColorRoughness": 0.75999999046325684,
	"enemyColorMetallic": 0.57999998331069946,
	"enemyColorFullBright": 1,
	"enemyHeadColor":
	{
		"x": 0.72305512428283691,
		"y": 1,
		"z": 0.090841710567474365
	},
	"enemyHeadColorOnHit":
	{
		"x": 1,
		"y": 1,
		"z": 1
	},
	"enemyHeadColorOnLookAt":
	{
		"x": 1,
		"y": 1,
		"z": 0
	},
	"enemyBodyColor":
	{
		"x": 0.0069954101927578449,
		"y": 0.0069954101927578449,
		"z": 0.0069954101927578449
	},
	"enemyBodyColorOnHit":
	{
		"x": 1,
		"y": 1,
		"z": 1
	},
	"enemyBodyColorOnLookAt":
	{
		"x": 1,
		"y": 1,
		"z": 0
	},
	"changeEnemyColorOnHit": false,
	"changeEnemyColorOnLookAt": false,
	"teamGlowUpHead": 1,
	"teamGlowUpBody": 1,
	"enemyGlowUpHead": 1,
	"enemyGlowUpBody": 1,
	"enemyGlowUpHeadOnHit": 1,
	"enemyGlowUpBodyOnHit": 1,
	"enemyGlowUpHeadOnLookAt": 1,
	"enemyGlowUpBodyOnLookAt": 1,
	"skyPresetId": 6,
	"cloudCoverId": 0,
	"solidSkyColor": false,
	"sunVisible": false,
	"skyColor":
	{
		"b": 139,
		"g": 155,
		"r": 182,
		"a": 255
	}
}