{
	"themeName": "DokkieStaticLavander",
	"wallMaterial": "PURE COLOR",
	"wallRoughness": 0.94999998807907104,
	"wallMetallic": 1,
	"wallFullBright": 0.34999999403953552,
	"wallTint":
	{
		"x": 0.33716362714767456,
		"y": 0.32314321398735046,
		"z": 0.41788506507873535
	},
	"wallTextureScale": 1,
	"floorMaterial": "PURE COLOR",
	"floorRoughness": 0.94999998807907104,
	"floorMetallic": 1,
	"floorFullBright": 0.25,
	"floorTint":
	{
		"x": 0.20863686501979828,
		"y": 0.20507873594760895,
		"z": 0.29613825678825378
	},
	"floorTextureScale": 1,
	"ceilingMaterial": "PURE COLOR",
	"ceilingRoughness": 0.5,
	"ceilingMetallic": 1,
	"ceilingFullBright": 0.25,
	"ceilingTint":
	{
		"x": 0.65837478637695312,
		"y": 0.59061884880065918,
		"z": 0.69387173652648926
	},
	"ceilingTextureScale": 1,
	"rampMaterial": "PURE COLOR",
	"rampRoughness": 0.94999998807907104,
	"rampMetallic": 1,
	"rampFullBright": 1,
	"rampTint":
	{
		"x": 1,
		"y": 1,
		"z": 1
	},
	"rampTextureScale": 1,
	"overrideEnemyHeadColor": true,
	"overrideEnemyBodyColor": true,
	"setEnemyBodyColorAsAttackColor": false,
	"enemyColorRoughness": 0.60000002384185791,
	"enemyColorMetallic": 0.30000001192092896,
	"enemyColorFullBright": 0.75,
	"enemyHeadColor":
	{
		"x": 0,
		"y": 0,
		"z": 0
	},
	"enemyHeadColorOnHit":
	{
		"x": 1,
		"y": 1,
		"z": 1
	},
	"enemyHeadColorOnLookAt":
	{
		"x": 0,
		"y": 0,
		"z": 0
	},
	"enemyBodyColor":
	{
		"x": 0,
		"y": 0,
		"z": 0
	},
	"enemyBodyColorOnHit":
	{
		"x": 1,
		"y": 1,
		"z": 1
	},
	"enemyBodyColorOnLookAt":
	{
		"x": 0,
		"y": 0,
		"z": 0
	},
	"changeEnemyColorOnHit": false,
	"changeEnemyColorOnLookAt": true,
	"teamGlowUpHead": 1,
	"teamGlowUpBody": 1,
	"enemyGlowUpHead": 1,
	"enemyGlowUpBody": 1,
	"enemyGlowUpHeadOnHit": 1,
	"enemyGlowUpBodyOnHit": 1,
	"enemyGlowUpHeadOnLookAt": 1,
	"enemyGlowUpBodyOnLookAt": 1,
	"skyPresetId": 6,
	"cloudCoverId": 1,
	"solidSkyColor": true,
	"sunVisible": false,
	"skyColor":
	{
		"b": 159,
		"g": 131,
		"r": 136,
		"a": 255
	}
}