{
	"themeName": "Dreamlike State",
	"wallMaterial": "MARBLE POLISHED",
	"wallRoughness": 0.38063538074493408,
	"wallMetallic": 1,
	"wallFullBright": 0.75157660245895386,
	"wallTint":
	{
		"x": 0.75294220447540283,
		"y": 0.65837478637695312,
		"z": 0.70110189914703369
	},
	"wallTextureScale": 1,
	"floorMaterial": "WOOD PARQUET",
	"floorRoughness": 1,
	"floorMetallic": 1,
	"floorFullBright": 1,
	"floorTint":
	{
		"x": 0.47353148460388184,
		"y": 0.56471151113510132,
		"z": 1
	},
	"floorTextureScale": 1.5,
	"ceilingMaterial": "WOOD PARQUET",
	"ceilingRoughness": 1,
	"ceilingMetallic": 1,
	"ceilingFullBright": 1,
	"ceilingTint":
	{
		"x": 0.47353148460388184,
		"y": 0.56471151113510132,
		"z": 1
	},
	"ceilingTextureScale": 1.5,
	"rampMaterial": "WOOD PARQUET",
	"rampRoughness": 1,
	"rampMetallic": 1,
	"rampFullBright": 1,
	"rampTint":
	{
		"x": 0.47353148460388184,
		"y": 0.56471151113510132,
		"z": 1
	},
	"rampTextureScale": 1,
	"overrideEnemyHeadColor": true,
	"overrideEnemyBodyColor": true,
	"setEnemyBodyColorAsAttackColor": false,
	"enemyColorRoughness": 1,
	"enemyColorMetallic": 1,
	"enemyColorFullBright": 1,
	"enemyHeadColor":
	{
		"x": 1,
		"y": 1,
		"z": 1
	},
	"enemyHeadColorOnHit":
	{
		"x": 1,
		"y": 1,
		"z": 1
	},
	"enemyHeadColorOnLookAt":
	{
		"x": 0.46207699179649353,
		"y": 0.79129797220230103,
		"z": 0.012285999953746796
	},
	"enemyBodyColor":
	{
		"x": 1,
		"y": 1,
		"z": 1
	},
	"enemyBodyColorOnHit":
	{
		"x": 1,
		"y": 1,
		"z": 1
	},
	"enemyBodyColorOnLookAt":
	{
		"x": 0.46207699179649353,
		"y": 0.79129797220230103,
		"z": 0.012285999953746796
	},
	"changeEnemyColorOnHit": false,
	"changeEnemyColorOnLookAt": false,
	"teamGlowUpHead": 1,
	"teamGlowUpBody": 1,
	"enemyGlowUpHead": 1,
	"enemyGlowUpBody": 1,
	"enemyGlowUpHeadOnHit": 1,
	"enemyGlowUpBodyOnHit": 1,
	"enemyGlowUpHeadOnLookAt": 1,
	"enemyGlowUpBodyOnLookAt": 1,
	"skyPresetId": 0,
	"cloudCoverId": 0,
	"solidSkyColor": false,
	"sunVisible": true,
	"skyColor":
	{
		"b": 151,
		"g": 192,
		"r": 237,
		"a": 255
	}
}