{
	"themeName": "flavo - brick",
	"wallMaterial": "BRICK CLAY BEVELED",
	"wallRoughness": 0.89999997615814209,
	"wallMetallic": 0,
	"wallFullBright": 0.5,
	"wallTint":
	{
		"x": 0.5,
		"y": 0.5,
		"z": 0.5
	},
	"wallTextureScale": 0.69999998807907104,
	"floorMaterial": "MARBLE POLISHED",
	"floorRoughness": 0.47999998927116394,
	"floorMetallic": 0.93999999761581421,
	"floorFullBright": 0.87000000476837158,
	"floorTint":
	{
		"x": 0.21223099529743195,
		"y": 0.21223099529743195,
		"z": 0.21223099529743195
	},
	"floorTextureScale": 1,
	"overrideEnemyHeadColor": true,
	"overrideEnemyBodyColor": true,
	"setEnemyBodyColorAsAttackColor": false,
	"enemyColorRoughness": 0,
	"enemyColorMetallic": 0.5,
	"enemyColorFullBright": 0,
	"enemyHeadColor":
	{
		"x": 0.90104198455810547,
		"y": 0.012354999780654907,
		"z": 0.012354999780654907
	},
	"enemyHeadColorOnHit":
	{
		"x": 2.7122879404480405e+30,
		"y": 7.062544260197078e-43,
		"z": 0
	},
	"enemyHeadColorOnLookAt":
	{
		"x": 0,
		"y": 1920,
		"z": 1080
	},
	"enemyBodyColor":
	{
		"x": 0,
		"y": 0,
		"z": 0
	},
	"enemyBodyColorOnHit":
	{
		"x": 1,
		"y": 0,
		"z": 0
	},
	"enemyBodyColorOnLookAt":
	{
		"x": -3.397059060716856e-07,
		"y": 4.5903735094352358e-41,
		"z": 0
	},
	"changeEnemyColorOnHit": false,
	"changeEnemyColorOnLookAt": false,
	"teamGlowUpHead": 0,
	"teamGlowUpBody": 0,
	"enemyGlowUpHead": 0,
	"enemyGlowUpBody": 0,
	"enemyGlowUpHeadOnHit": 0,
	"enemyGlowUpBodyOnHit": 0,
	"enemyGlowUpHeadOnLookAt": 0,
	"enemyGlowUpBodyOnLookAt": 0,
	"skyPresetId": 8,
	"cloudCoverId": 0,
	"solidSkyColor": false,
	"sunVisible": false,
	"skyColor":
	{
		"b": 255,
		"g": 244,
		"r": 255,
		"a": 255
	}
}