{
	"themeName": "Four Static",
	"wallMaterial": "PURE COLOR",
	"wallRoughness": 1,
	"wallMetallic": 1,
	"wallFullBright": 0,
	"wallTint":
	{
		"x": 1,
		"y": 1,
		"z": 1
	},
	"wallTextureScale": 1,
	"floorMaterial": "PURE COLOR",
	"floorRoughness": 0.64999997615814209,
	"floorMetallic": 0,
	"floorFullBright": 0,
	"floorTint":
	{
		"x": 0.5,
		"y": 0.5,
		"z": 0.5
	},
	"floorTextureScale": 1,
	"overrideEnemyHeadColor": true,
	"overrideEnemyBodyColor": true,
	"setEnemyBodyColorAsAttackColor": false,
	"enemyColorRoughness": 1,
	"enemyColorMetallic": 1,
	"enemyColorFullBright": 0.89999997615814209,
	"enemyHeadColor":
	{
		"x": 0,
		"y": 0,
		"z": 0
	},
	"enemyHeadColorOnHit":
	{
		"x": 1,
		"y": 1,
		"z": 1
	},
	"enemyHeadColorOnLookAt":
	{
		"x": 1,
		"y": 1,
		"z": 0
	},
	"enemyBodyColor":
	{
		"x": 0,
		"y": 0,
		"z": 0
	},
	"enemyBodyColorOnHit":
	{
		"x": 1,
		"y": 1,
		"z": 1
	},
	"enemyBodyColorOnLookAt":
	{
		"x": 1,
		"y": 1,
		"z": 0
	},
	"changeEnemyColorOnHit": false,
	"changeEnemyColorOnLookAt": false,
	"teamGlowUpHead": 0,
	"teamGlowUpBody": 0,
	"enemyGlowUpHead": 0,
	"enemyGlowUpBody": 0,
	"enemyGlowUpHeadOnHit": 0,
	"enemyGlowUpBodyOnHit": 0,
	"enemyGlowUpHeadOnLookAt": 0,
	"enemyGlowUpBodyOnLookAt": 0,
	"skyPresetId": 0,
	"cloudCoverId": 4,
	"solidSkyColor": false,
	"sunVisible": true,
	"skyColor":
	{
		"b": 190,
		"g": 146,
		"r": 112,
		"a": 255
	}
}