{
	"themeName": "Killuminati Clone 2",
	"wallMaterial": "WHITE WOOD BOARD",
	"wallRoughness": 1,
	"wallMetallic": 1,
	"wallFullBright": 0.75,
	"wallTint":
	{
		"x": 0.31854677200317383,
		"y": 0.30054378509521484,
		"z": 0.28314873576164246
	},
	"wallTextureScale": 5,
	"floorMaterial": "GREY WOOD BOARD",
	"floorRoughness": 1,
	"floorMetallic": 1,
	"floorFullBright": 0.75,
	"floorTint":
	{
		"x": 0.95597332715988159,
		"y": 0.91309863328933716,
		"z": 0.83076989650726318
	},
	"floorTextureScale": 1,
	"ceilingMaterial": "WHITE WOOD BOARD",
	"ceilingRoughness": 1,
	"ceilingMetallic": 1,
	"ceilingFullBright": 0.75,
	"ceilingTint":
	{
		"x": 0.22322796285152435,
		"y": 0.20507873594760895,
		"z": 0.20507873594760895
	},
	"ceilingTextureScale": 1.5,
	"rampMaterial": "WHITE WOOD BOARD",
	"rampRoughness": 1,
	"rampMetallic": 1,
	"rampFullBright": 0.75,
	"rampTint":
	{
		"x": 0.22322796285152435,
		"y": 0.20507873594760895,
		"z": 0.20507873594760895
	},
	"rampTextureScale": 1.5,
	"overrideEnemyHeadColor": true,
	"overrideEnemyBodyColor": true,
	"setEnemyBodyColorAsAttackColor": false,
	"enemyColorRoughness": 0.75,
	"enemyColorMetallic": 0.56850534677505493,
	"enemyColorFullBright": 0.13981480896472931,
	"enemyHeadColor":
	{
		"x": 1,
		"y": 1,
		"z": 0
	},
	"enemyHeadColorOnHit":
	{
		"x": 1,
		"y": 1,
		"z": 1
	},
	"enemyHeadColorOnLookAt":
	{
		"x": 1,
		"y": 1,
		"z": 0
	},
	"enemyBodyColor":
	{
		"x": 1,
		"y": 0.55201202630996704,
		"z": 0
	},
	"enemyBodyColorOnHit":
	{
		"x": 1,
		"y": 1,
		"z": 1
	},
	"enemyBodyColorOnLookAt":
	{
		"x": 1,
		"y": 1,
		"z": 0
	},
	"changeEnemyColorOnHit": false,
	"changeEnemyColorOnLookAt": false,
	"teamGlowUpHead": 1,
	"teamGlowUpBody": 1,
	"enemyGlowUpHead": 1,
	"enemyGlowUpBody": 15.961061477661133,
	"enemyGlowUpHeadOnHit": 1,
	"enemyGlowUpBodyOnHit": 1,
	"enemyGlowUpHeadOnLookAt": 1,
	"enemyGlowUpBodyOnLookAt": 1,
	"skyPresetId": 8,
	"cloudCoverId": 0,
	"solidSkyColor": false,
	"sunVisible": false,
	"skyColor":
	{
		"b": 255,
		"g": 255,
		"r": 255,
		"a": 255
	}
}