{
	"themeName": "F/L MIX",
	"wallMaterial": "CONCRETE TILES",
	"wallRoughness": 0.60000002384185791,
	"wallMetallic": 1,
	"wallFullBright": 0.34999999403953552,
	"wallTint":
	{
		"x": 0.5,
		"y": 0.5,
		"z": 0.5
	},
	"wallTextureScale": 1,
	"floorMaterial": "BRICK CLAY NEW",
	"floorRoughness": 1,
	"floorMetallic": 1,
	"floorFullBright": 0.89999997615814209,
	"floorTint":
	{
		"x": 0.5,
		"y": 0.5,
		"z": 0.5
	},
	"floorTextureScale": 1,
	"overrideEnemyHeadColor": true,
	"overrideEnemyBodyColor": true,
	"setEnemyBodyColorAsAttackColor": false,
	"enemyColorRoughness": 1,
	"enemyColorMetallic": 0,
	"enemyColorFullBright": 1,
	"enemyHeadColor":
	{
		"x": 1,
		"y": 1,
		"z": 1
	},
	"enemyHeadColorOnHit":
	{
		"x": 2.7122879404480405e+30,
		"y": 7.062544260197078e-43,
		"z": 0
	},
	"enemyHeadColorOnLookAt":
	{
		"x": 0,
		"y": 1920,
		"z": 1080
	},
	"enemyBodyColor":
	{
		"x": 1,
		"y": 1,
		"z": 1
	},
	"enemyBodyColorOnHit":
	{
		"x": 1,
		"y": 0,
		"z": 0
	},
	"enemyBodyColorOnLookAt":
	{
		"x": -3.397059060716856e-07,
		"y": 4.5903735094352358e-41,
		"z": 0
	},
	"changeEnemyColorOnHit": false,
	"changeEnemyColorOnLookAt": false,
	"teamGlowUpHead": 0,
	"teamGlowUpBody": 0,
	"enemyGlowUpHead": 0,
	"enemyGlowUpBody": 0,
	"enemyGlowUpHeadOnHit": 0,
	"enemyGlowUpBodyOnHit": 0,
	"enemyGlowUpHeadOnLookAt": 0,
	"enemyGlowUpBodyOnLookAt": 0,
	"skyPresetId": 0,
	"cloudCoverId": 3,
	"solidSkyColor": false,
	"sunVisible": true,
	"skyColor":
	{
		"b": 110,
		"g": 133,
		"r": 133,
		"a": 255
	}
}