{
	"themeName": "Lakers",
	"wallMaterial": "PURE COLOR",
	"wallRoughness": 1,
	"wallMetallic": 0,
	"wallFullBright": 0,
	"wallTint":
	{
		"x": 0.005605391226708889,
		"y": 0,
		"z": 0.0080231931060552597
	},
	"wallTextureScale": 1,
	"floorMaterial": "PURE COLOR",
	"floorRoughness": 0.54000002145767212,
	"floorMetallic": 0.92000001668930054,
	"floorFullBright": 0,
	"floorTint":
	{
		"x": 0,
		"y": 0,
		"z": 0
	},
	"floorTextureScale": 1,
	"ceilingMaterial": "PURE COLOR",
	"ceilingRoughness": 0.56000000238418579,
	"ceilingMetallic": 1,
	"ceilingFullBright": 0.38999998569488525,
	"ceilingTint":
	{
		"x": 0,
		"y": 0,
		"z": 0
	},
	"ceilingTextureScale": 1,
	"rampMaterial": "PURE COLOR",
	"rampRoughness": 1,
	"rampMetallic": 1,
	"rampFullBright": 0.89999997615814209,
	"rampTint":
	{
		"x": 0.005605391226708889,
		"y": 0,
		"z": 0.0080231931060552597
	},
	"rampTextureScale": 1,
	"overrideEnemyHeadColor": true,
	"overrideEnemyBodyColor": true,
	"setEnemyBodyColorAsAttackColor": false,
	"enemyColorRoughness": 1,
	"enemyColorMetallic": 0,
	"enemyColorFullBright": 1,
	"enemyHeadColor":
	{
		"x": 1,
		"y": 1,
		"z": 1
	},
	"enemyHeadColorOnHit":
	{
		"x": 1,
		"y": 1,
		"z": 1
	},
	"enemyHeadColorOnLookAt":
	{
		"x": 1,
		"y": 1,
		"z": 0
	},
	"enemyBodyColor":
	{
		"x": 1,
		"y": 0.72699999809265137,
		"z": 0
	},
	"enemyBodyColorOnHit":
	{
		"x": 1,
		"y": 1,
		"z": 1
	},
	"enemyBodyColorOnLookAt":
	{
		"x": 1,
		"y": 1,
		"z": 0
	},
	"changeEnemyColorOnHit": false,
	"changeEnemyColorOnLookAt": false,
	"teamGlowUpHead": 1,
	"teamGlowUpBody": 1,
	"enemyGlowUpHead": 1,
	"enemyGlowUpBody": 15,
	"enemyGlowUpHeadOnHit": 1,
	"enemyGlowUpBodyOnHit": 1,
	"enemyGlowUpHeadOnLookAt": 1,
	"enemyGlowUpBodyOnLookAt": 1,
	"skyPresetId": 1,
	"cloudCoverId": 0,
	"solidSkyColor": false,
	"sunVisible": true,
	"skyColor":
	{
		"b": 101,
		"g": 0,
		"r": 76,
		"a": 255
	}
}