{
	"themeName": "Leica-Dokkie",
	"wallMaterial": "DRYWALL",
	"wallRoughness": 1,
	"wallMetallic": 0,
	"wallFullBright": 1,
	"wallTint":
	{
		"x": 0.090841710567474365,
		"y": 0.090841710567474365,
		"z": 0.090841710567474365
	},
	"wallTextureScale": 2,
	"floorMaterial": "BRICK GREY",
	"floorRoughness": 1,
	"floorMetallic": 1,
	"floorFullBright": 1,
	"floorTint":
	{
		"x": 0.30498731136322021,
		"y": 0.33716362714767456,
		"z": 0.39157247543334961
	},
	"floorTextureScale": 2,
	"ceilingMaterial": "BRICK GREY",
	"ceilingRoughness": 1,
	"ceilingMetallic": 1,
	"ceilingFullBright": 1,
	"ceilingTint":
	{
		"x": 0.30498731136322021,
		"y": 0.33716362714767456,
		"z": 0.42869049310684204
	},
	"ceilingTextureScale": 2,
	"rampMaterial": "BRICK GREY",
	"rampRoughness": 1,
	"rampMetallic": 1,
	"rampFullBright": 1,
	"rampTint":
	{
		"x": 0.30498731136322021,
		"y": 0.33716362714767456,
		"z": 0.39157247543334961
	},
	"rampTextureScale": 2,
	"overrideEnemyHeadColor": true,
	"overrideEnemyBodyColor": true,
	"setEnemyBodyColorAsAttackColor": false,
	"enemyColorRoughness": 0.10000000149011612,
	"enemyColorMetallic": 0.74694591760635376,
	"enemyColorFullBright": 0.50091075897216797,
	"enemyHeadColor":
	{
		"x": 0.85499262809753418,
		"y": 0.85499262809753418,
		"z": 0.85499262809753418
	},
	"enemyHeadColorOnHit":
	{
		"x": 1,
		"y": 1,
		"z": 1
	},
	"enemyHeadColorOnLookAt":
	{
		"x": 1,
		"y": 1,
		"z": 0
	},
	"enemyBodyColor":
	{
		"x": 0,
		"y": 0.61400002241134644,
		"z": 0.42429599165916443
	},
	"enemyBodyColorOnHit":
	{
		"x": 1,
		"y": 1,
		"z": 1
	},
	"enemyBodyColorOnLookAt":
	{
		"x": 1,
		"y": 1,
		"z": 0
	},
	"changeEnemyColorOnHit": false,
	"changeEnemyColorOnLookAt": false,
	"teamGlowUpHead": 1,
	"teamGlowUpBody": 1,
	"enemyGlowUpHead": 1,
	"enemyGlowUpBody": 1,
	"enemyGlowUpHeadOnHit": 1,
	"enemyGlowUpBodyOnHit": 1,
	"enemyGlowUpHeadOnLookAt": 1,
	"enemyGlowUpBodyOnLookAt": 1,
	"skyPresetId": 6,
	"cloudCoverId": 0,
	"solidSkyColor": false,
	"sunVisible": false,
	"skyColor":
	{
		"b": 127,
		"g": 127,
		"r": 127,
		"a": 255
	}
}