{
	"themeName": "LIGHTBLUE",
	"wallMaterial": "PURE COLOR",
	"wallRoughness": 0.75,
	"wallMetallic": 0.75,
	"wallFullBright": 0.38999998569488525,
	"wallTint":
	{
		"x": 0.4019777774810791,
		"y": 0.45641103386878967,
		"z": 0.51491767168045044
	},
	"wallTextureScale": 1,
	"floorMaterial": "MARBLE POLISHED",
	"floorRoughness": 1,
	"floorMetallic": 0,
	"floorFullBright": 1,
	"floorTint":
	{
		"x": 0.4019777774810791,
		"y": 0.45641103386878967,
		"z": 0.51491767168045044
	},
	"floorTextureScale": 1,
	"ceilingMaterial": "PURE COLOR",
	"ceilingRoughness": 1,
	"ceilingMetallic": 1,
	"ceilingFullBright": 0.60000002384185791,
	"ceilingTint":
	{
		"x": 0.35153260827064514,
		"y": 0.4019777774810791,
		"z": 0.48514994978904724
	},
	"ceilingTextureScale": 1,
	"rampMaterial": "PURE COLOR",
	"rampRoughness": 0.75,
	"rampMetallic": 0.75,
	"rampFullBright": 0.38999998569488525,
	"rampTint":
	{
		"x": 0.4019777774810791,
		"y": 0.45641103386878967,
		"z": 0.51491767168045044
	},
	"rampTextureScale": 1,
	"overrideEnemyHeadColor": true,
	"overrideEnemyBodyColor": true,
	"setEnemyBodyColorAsAttackColor": false,
	"enemyColorRoughness": 1,
	"enemyColorMetallic": 0,
	"enemyColorFullBright": 0,
	"enemyHeadColor":
	{
		"x": 0,
		"y": 0,
		"z": 0
	},
	"enemyHeadColorOnHit":
	{
		"x": 1,
		"y": 1,
		"z": 1
	},
	"enemyHeadColorOnLookAt":
	{
		"x": 1,
		"y": 1,
		"z": 0
	},
	"enemyBodyColor":
	{
		"x": 0,
		"y": 0,
		"z": 0
	},
	"enemyBodyColorOnHit":
	{
		"x": 1,
		"y": 1,
		"z": 1
	},
	"enemyBodyColorOnLookAt":
	{
		"x": 1,
		"y": 1,
		"z": 0
	},
	"changeEnemyColorOnHit": false,
	"changeEnemyColorOnLookAt": false,
	"teamGlowUpHead": 1,
	"teamGlowUpBody": 1,
	"enemyGlowUpHead": 1,
	"enemyGlowUpBody": 1,
	"enemyGlowUpHeadOnHit": 1,
	"enemyGlowUpBodyOnHit": 1,
	"enemyGlowUpHeadOnLookAt": 1,
	"enemyGlowUpBodyOnLookAt": 1,
	"skyPresetId": 6,
	"cloudCoverId": 0,
	"solidSkyColor": false,
	"sunVisible": false,
	"skyColor":
	{
		"b": 162,
		"g": 148,
		"r": 138,
		"a": 255
	}
}