{
	"themeName": "Mercury",
	"wallMaterial": "PURE COLOR",
	"wallRoughness": 1,
	"wallMetallic": 1,
	"wallFullBright": 0.64999997615814209,
	"wallTint":
	{
		"x": 0.5271151065826416,
		"y": 0.35153260827064514,
		"z": 0.44520118832588196
	},
	"wallTextureScale": 1,
	"floorMaterial": "MARBLE POLISHED",
	"floorRoughness": 1,
	"floorMetallic": 1,
	"floorFullBright": 0.70999997854232788,
	"floorTint":
	{
		"x": 0.65837478637695312,
		"y": 0.50288647413253784,
		"z": 0.56471151113510132
	},
	"floorTextureScale": 1,
	"ceilingMaterial": "PURE COLOR",
	"ceilingRoughness": 1,
	"ceilingMetallic": 1,
	"ceilingFullBright": 0.70999997854232788,
	"ceilingTint":
	{
		"x": 0.50288647413253784,
		"y": 0.47932016849517822,
		"z": 0.65837478637695312
	},
	"ceilingTextureScale": 1,
	"rampMaterial": "PURE COLOR",
	"rampRoughness": 1,
	"rampMetallic": 1,
	"rampFullBright": 0.64999997615814209,
	"rampTint":
	{
		"x": 0.33716362714767456,
		"y": 0.33716362714767456,
		"z": 0.33716362714767456
	},
	"rampTextureScale": 1,
	"overrideEnemyHeadColor": true,
	"overrideEnemyBodyColor": true,
	"setEnemyBodyColorAsAttackColor": false,
	"enemyColorRoughness": 0.82999998331069946,
	"enemyColorMetallic": 0.8399999737739563,
	"enemyColorFullBright": 0.37999999523162842,
	"enemyHeadColor":
	{
		"x": 0,
		"y": 0.059511236846446991,
		"z": 0.10702310502529144
	},
	"enemyHeadColorOnHit":
	{
		"x": 1,
		"y": 1,
		"z": 1
	},
	"enemyHeadColorOnLookAt":
	{
		"x": 1,
		"y": 1,
		"z": 0
	},
	"enemyBodyColor":
	{
		"x": 0,
		"y": 0,
		"z": 0
	},
	"enemyBodyColorOnHit":
	{
		"x": 1,
		"y": 1,
		"z": 1
	},
	"enemyBodyColorOnLookAt":
	{
		"x": 1,
		"y": 1,
		"z": 0
	},
	"changeEnemyColorOnHit": false,
	"changeEnemyColorOnLookAt": false,
	"teamGlowUpHead": 1,
	"teamGlowUpBody": 1,
	"enemyGlowUpHead": 1,
	"enemyGlowUpBody": 1,
	"enemyGlowUpHeadOnHit": 1,
	"enemyGlowUpBodyOnHit": 1,
	"enemyGlowUpHeadOnLookAt": 1,
	"enemyGlowUpBodyOnLookAt": 1,
	"skyPresetId": 3,
	"cloudCoverId": 0,
	"solidSkyColor": false,
	"sunVisible": false,
	"skyColor":
	{
		"b": 130,
		"g": 150,
		"r": 255,
		"a": 255
	}
}