{
	"themeName": "pinkblusteelsnowi",
	"wallMaterial": "GREY WOOD BOARD",
	"wallRoughness": 0.2199999988079071,
	"wallMetallic": 0.5,
	"wallFullBright": 0.5,
	"wallTint":
	{
		"x": 0.22696587443351746,
		"y": 0.23455058038234711,
		"z": 0.28744083642959595
	},
	"wallTextureScale": 1,
	"floorMaterial": "MARBLE POLISHED",
	"floorRoughness": 0.76999998092651367,
	"floorMetallic": 0.25,
	"floorFullBright": 0.25,
	"floorTint":
	{
		"x": 0.12743768095970154,
		"y": 0.12743768095970154,
		"z": 0.12743768095970154
	},
	"floorTextureScale": 1,
	"ceilingMaterial": "MARBLE POLISHED",
	"ceilingRoughness": 0.76999998092651367,
	"ceilingMetallic": 0.25,
	"ceilingFullBright": 0.25,
	"ceilingTint":
	{
		"x": 0.12743768095970154,
		"y": 0.12743768095970154,
		"z": 0.12743768095970154
	},
	"ceilingTextureScale": 1,
	"rampMaterial": "GREY WOOD BOARD",
	"rampRoughness": 0.2199999988079071,
	"rampMetallic": 0.5,
	"rampFullBright": 0.5,
	"rampTint":
	{
		"x": 0.29613825678825378,
		"y": 0.30498731136322021,
		"z": 0.44520118832588196
	},
	"rampTextureScale": 1,
	"overrideEnemyHeadColor": false,
	"overrideEnemyBodyColor": true,
	"setEnemyBodyColorAsAttackColor": false,
	"enemyColorRoughness": 0.69999998807907104,
	"enemyColorMetallic": 0,
	"enemyColorFullBright": 0.60000002384185791,
	"enemyHeadColor":
	{
		"x": 1,
		"y": 1,
		"z": 1
	},
	"enemyHeadColorOnHit":
	{
		"x": 1,
		"y": 1,
		"z": 1
	},
	"enemyHeadColorOnLookAt":
	{
		"x": 0,
		"y": 0,
		"z": 0
	},
	"enemyBodyColor":
	{
		"x": 1,
		"y": 1,
		"z": 1
	},
	"enemyBodyColorOnHit":
	{
		"x": 1,
		"y": 1,
		"z": 1
	},
	"enemyBodyColorOnLookAt":
	{
		"x": 0,
		"y": 0,
		"z": 0
	},
	"changeEnemyColorOnHit": false,
	"changeEnemyColorOnLookAt": false,
	"teamGlowUpHead": 0,
	"teamGlowUpBody": 0,
	"enemyGlowUpHead": 0,
	"enemyGlowUpBody": 1,
	"enemyGlowUpHeadOnHit": 0,
	"enemyGlowUpBodyOnHit": 0,
	"enemyGlowUpHeadOnLookAt": 0,
	"enemyGlowUpBodyOnLookAt": 0,
	"skyPresetId": 6,
	"cloudCoverId": 0,
	"solidSkyColor": false,
	"sunVisible": true,
	"skyColor":
	{
		"b": 120,
		"g": 111,
		"r": 126,
		"a": 255
	}
}