{
	"themeName": "rxFake",
	"wallMaterial": "PURE COLOR",
	"wallRoughness": 0.2199999988079071,
	"wallMetallic": 1,
	"wallFullBright": 0,
	"wallTint":
	{
		"x": 0.18116424977779388,
		"y": 0.15896083414554596,
		"z": 0.17464740574359894
	},
	"wallTextureScale": 1,
	"floorMaterial": "GREY WOOD BOARD",
	"floorRoughness": 0.52999997138977051,
	"floorMetallic": 0.8399999737739563,
	"floorFullBright": 1,
	"floorTint":
	{
		"x": 0.29613825678825378,
		"y": 0.26635560393333435,
		"z": 0.28744083642959595
	},
	"floorTextureScale": 1,
	"ceilingMaterial": "BRICK CLAY NEW",
	"ceilingRoughness": 1,
	"ceilingMetallic": 1,
	"ceilingFullBright": 0.89999997615814209,
	"ceilingTint":
	{
		"x": 0.5,
		"y": 0.5,
		"z": 0.5
	},
	"ceilingTextureScale": 1,
	"rampMaterial": "CONCRETE TILES",
	"rampRoughness": 0.60000002384185791,
	"rampMetallic": 1,
	"rampFullBright": 0.34999999403953552,
	"rampTint":
	{
		"x": 0.5,
		"y": 0.5,
		"z": 0.5
	},
	"rampTextureScale": 1,
	"overrideEnemyHeadColor": true,
	"overrideEnemyBodyColor": true,
	"setEnemyBodyColorAsAttackColor": false,
	"enemyColorRoughness": 0.64999997615814209,
	"enemyColorMetallic": 0.30000001192092896,
	"enemyColorFullBright": 0.10000000149011612,
	"enemyHeadColor":
	{
		"x": 1,
		"y": 1,
		"z": 1
	},
	"enemyHeadColorOnHit":
	{
		"x": 1,
		"y": 1,
		"z": 1
	},
	"enemyHeadColorOnLookAt":
	{
		"x": 1,
		"y": 1,
		"z": 0
	},
	"enemyBodyColor":
	{
		"x": 1,
		"y": 1,
		"z": 1
	},
	"enemyBodyColorOnHit":
	{
		"x": 1,
		"y": 1,
		"z": 1
	},
	"enemyBodyColorOnLookAt":
	{
		"x": 1,
		"y": 1,
		"z": 0
	},
	"changeEnemyColorOnHit": false,
	"changeEnemyColorOnLookAt": false,
	"teamGlowUpHead": 0,
	"teamGlowUpBody": 0,
	"enemyGlowUpHead": 0,
	"enemyGlowUpBody": 0,
	"enemyGlowUpHeadOnHit": 0,
	"enemyGlowUpBodyOnHit": 0,
	"enemyGlowUpHeadOnLookAt": 0,
	"enemyGlowUpBodyOnLookAt": 0,
	"skyPresetId": 8,
	"cloudCoverId": 1,
	"solidSkyColor": false,
	"sunVisible": false,
	"skyColor":
	{
		"b": 231,
		"g": 191,
		"r": 200,
		"a": 255
	}
}