{
	"themeName": "rxGrayBricks",
	"wallMaterial": "WHITE WOOD BOARD",
	"wallRoughness": 1,
	"wallMetallic": 1,
	"wallFullBright": 0.93806922435760498,
	"wallTint":
	{
		"x": 0.1778884083032608,
		"y": 0.18447498977184296,
		"z": 0.20863686501979828
	},
	"wallTextureScale": 1,
	"floorMaterial": "MARBLE POLISHED",
	"floorRoughness": 1,
	"floorMetallic": 1,
	"floorFullBright": 0.95446264743804932,
	"floorTint":
	{
		"x": 0.19461782276630402,
		"y": 0.2015562504529953,
		"z": 0.21586050093173981
	},
	"floorTextureScale": 1,
	"ceilingMaterial": "WHITE WOOD BOARD",
	"ceilingRoughness": 1,
	"ceilingMetallic": 1,
	"ceilingFullBright": 1,
	"ceilingTint":
	{
		"x": 0.18782077729701996,
		"y": 0.18782077729701996,
		"z": 0.19806931912899017
	},
	"ceilingTextureScale": 1,
	"rampMaterial": "WHITE WOOD BOARD",
	"rampRoughness": 1,
	"rampMetallic": 1,
	"rampFullBright": 1,
	"rampTint":
	{
		"x": 0.18782077729701996,
		"y": 0.18782077729701996,
		"z": 0.19806931912899017
	},
	"rampTextureScale": 1,
	"overrideEnemyHeadColor": true,
	"overrideEnemyBodyColor": true,
	"setEnemyBodyColorAsAttackColor": false,
	"enemyColorRoughness": 1,
	"enemyColorMetallic": 1,
	"enemyColorFullBright": 1,
	"enemyHeadColor":
	{
		"x": 1,
		"y": 1,
		"z": 1
	},
	"enemyHeadColorOnHit":
	{
		"x": 1,
		"y": 1,
		"z": 1
	},
	"enemyHeadColorOnLookAt":
	{
		"x": 1,
		"y": 1,
		"z": 0
	},
	"enemyBodyColor":
	{
		"x": 1,
		"y": 1,
		"z": 1
	},
	"enemyBodyColorOnHit":
	{
		"x": 1,
		"y": 1,
		"z": 1
	},
	"enemyBodyColorOnLookAt":
	{
		"x": 1,
		"y": 1,
		"z": 0
	},
	"changeEnemyColorOnHit": false,
	"changeEnemyColorOnLookAt": false,
	"teamGlowUpHead": 0,
	"teamGlowUpBody": 0,
	"enemyGlowUpHead": 100,
	"enemyGlowUpBody": 100,
	"enemyGlowUpHeadOnHit": 0,
	"enemyGlowUpBodyOnHit": 0,
	"enemyGlowUpHeadOnLookAt": 0,
	"enemyGlowUpBodyOnLookAt": 0,
	"skyPresetId": 8,
	"cloudCoverId": 1,
	"solidSkyColor": false,
	"sunVisible": false,
	"skyColor":
	{
		"b": 240,
		"g": 230,
		"r": 238,
		"a": 255
	}
}