{
	"themeName": "rxSwitcheroo",
	"wallMaterial": "PURE COLOR",
	"wallRoughness": 0.50462108850479126,
	"wallMetallic": 0,
	"wallFullBright": 0.43533697724342346,
	"wallTint":
	{
		"x": 0.056128490716218948,
		"y": 0.054480277001857758,
		"z": 0.056128490716218948
	},
	"wallTextureScale": 1,
	"floorMaterial": "BRICK CLAY BEVELED",
	"floorRoughness": 1,
	"floorMetallic": 1,
	"floorFullBright": 0.94899815320968628,
	"floorTint":
	{
		"x": 0.32314321398735046,
		"y": 0.34191441535949707,
		"z": 0.39675521850585938
	},
	"floorTextureScale": 1,
	"ceilingMaterial": "BRICK CLAY BEVELED",
	"ceilingRoughness": 1,
	"ceilingMetallic": 1,
	"ceilingFullBright": 1,
	"ceilingTint":
	{
		"x": 0.27049779891967773,
		"y": 0.29613825678825378,
		"z": 0.35153260827064514
	},
	"ceilingTextureScale": 1,
	"rampMaterial": "GREY WOOD BOARD",
	"rampRoughness": 1,
	"rampMetallic": 1,
	"rampFullBright": 0.80000001192092896,
	"rampTint":
	{
		"x": 1,
		"y": 1,
		"z": 1
	},
	"rampTextureScale": 1,
	"overrideEnemyHeadColor": true,
	"overrideEnemyBodyColor": true,
	"setEnemyBodyColorAsAttackColor": false,
	"enemyColorRoughness": 1,
	"enemyColorMetallic": 1,
	"enemyColorFullBright": 1,
	"enemyHeadColor":
	{
		"x": 0.061246052384376526,
		"y": 1,
		"z": 0.038204371929168701
	},
	"enemyHeadColorOnHit":
	{
		"x": 1,
		"y": 1,
		"z": 1
	},
	"enemyHeadColorOnLookAt":
	{
		"x": 1,
		"y": 1,
		"z": 0
	},
	"enemyBodyColor":
	{
		"x": 0.061246052384376526,
		"y": 1,
		"z": 0.038204371929168701
	},
	"enemyBodyColorOnHit":
	{
		"x": 1,
		"y": 1,
		"z": 1
	},
	"enemyBodyColorOnLookAt":
	{
		"x": 1,
		"y": 1,
		"z": 0
	},
	"changeEnemyColorOnHit": false,
	"changeEnemyColorOnLookAt": false,
	"teamGlowUpHead": 1,
	"teamGlowUpBody": 1,
	"enemyGlowUpHead": 1,
	"enemyGlowUpBody": 1,
	"enemyGlowUpHeadOnHit": 1,
	"enemyGlowUpBodyOnHit": 1,
	"enemyGlowUpHeadOnLookAt": 1,
	"enemyGlowUpBodyOnLookAt": 1,
	"skyPresetId": 1,
	"cloudCoverId": 0,
	"solidSkyColor": false,
	"sunVisible": false,
	"skyColor":
	{
		"b": 219,
		"g": 255,
		"r": 255,
		"a": 255
	}
}