{
	"themeName": "Sestroyed No Stars",
	"wallMaterial": "BRICK CLAY BEVELED",
	"wallRoughness": 1,
	"wallMetallic": 1,
	"wallFullBright": 1,
	"wallTint":
	{
		"x": 0.5,
		"y": 0.5,
		"z": 0.5
	},
	"wallTextureScale": 1,
	"floorMaterial": "BRICK CLAY BEVELED",
	"floorRoughness": 1,
	"floorMetallic": 1,
	"floorFullBright": 1,
	"floorTint":
	{
		"x": 0.5,
		"y": 0.5,
		"z": 0.5
	},
	"floorTextureScale": 1,
	"ceilingMaterial": "BRICK CLAY BEVELED",
	"ceilingRoughness": 1,
	"ceilingMetallic": 1,
	"ceilingFullBright": 1,
	"ceilingTint":
	{
		"x": 0.50288647413253784,
		"y": 0.50288647413253784,
		"z": 0.50288647413253784
	},
	"ceilingTextureScale": 1,
	"rampMaterial": "BRICK CLAY BEVELED",
	"rampRoughness": 1,
	"rampMetallic": 1,
	"rampFullBright": 1,
	"rampTint":
	{
		"x": 0.50288647413253784,
		"y": 0.50288647413253784,
		"z": 0.50288647413253784
	},
	"rampTextureScale": 1,
	"overrideEnemyHeadColor": true,
	"overrideEnemyBodyColor": true,
	"setEnemyBodyColorAsAttackColor": false,
	"enemyColorRoughness": 1,
	"enemyColorMetallic": 1,
	"enemyColorFullBright": 1,
	"enemyHeadColor":
	{
		"x": 0.46207699179649353,
		"y": 0.79129797220230103,
		"z": 0.012285999953746796
	},
	"enemyHeadColorOnHit":
	{
		"x": 1,
		"y": 1,
		"z": 1
	},
	"enemyHeadColorOnLookAt":
	{
		"x": 1,
		"y": 1,
		"z": 0
	},
	"enemyBodyColor":
	{
		"x": 0.67244315147399902,
		"y": 0.7758222222328186,
		"z": 0.010960093699395657
	},
	"enemyBodyColorOnHit":
	{
		"x": 1,
		"y": 1,
		"z": 1
	},
	"enemyBodyColorOnLookAt":
	{
		"x": 1,
		"y": 1,
		"z": 0
	},
	"changeEnemyColorOnHit": false,
	"changeEnemyColorOnLookAt": false,
	"teamGlowUpHead": 1,
	"teamGlowUpBody": 1,
	"enemyGlowUpHead": 1000,
	"enemyGlowUpBody": 1,
	"enemyGlowUpHeadOnHit": 1,
	"enemyGlowUpBodyOnHit": 1,
	"enemyGlowUpHeadOnLookAt": 1,
	"enemyGlowUpBodyOnLookAt": 1,
	"skyPresetId": 1,
	"cloudCoverId": 0,
	"solidSkyColor": false,
	"sunVisible": false,
	"skyColor":
	{
		"b": 234,
		"g": 217,
		"r": 153,
		"a": 255
	}
}