{
	"themeName": "Sestroyed-Dokkie",
	"wallMaterial": "BRICK GREY",
	"wallRoughness": 1,
	"wallMetallic": 1,
	"wallFullBright": 0.75,
	"wallTint":
	{
		"x": 0.87136709690093994,
		"y": 0.83076989650726318,
		"z": 0.83076989650726318
	},
	"wallTextureScale": 2,
	"floorMaterial": "BRICK GREY",
	"floorRoughness": 1,
	"floorMetallic": 1,
	"floorFullBright": 1,
	"floorTint":
	{
		"x": 0.56471151113510132,
		"y": 0.53327637910842896,
		"z": 0.53327637910842896
	},
	"floorTextureScale": 2,
	"ceilingMaterial": "BRICK GREY",
	"ceilingRoughness": 1,
	"ceilingMetallic": 1,
	"ceilingFullBright": 1,
	"ceilingTint":
	{
		"x": 0.70110189914703369,
		"y": 0.66538727283477783,
		"z": 0.66538727283477783
	},
	"ceilingTextureScale": 2,
	"rampMaterial": "BRICK GREY",
	"rampRoughness": 1,
	"rampMetallic": 1,
	"rampFullBright": 1,
	"rampTint":
	{
		"x": 0.56471151113510132,
		"y": 0.53327637910842896,
		"z": 0.53327637910842896
	},
	"rampTextureScale": 2,
	"overrideEnemyHeadColor": true,
	"overrideEnemyBodyColor": true,
	"setEnemyBodyColorAsAttackColor": false,
	"enemyColorRoughness": 0.30000001192092896,
	"enemyColorMetallic": 0.30000001192092896,
	"enemyColorFullBright": 0.60000002384185791,
	"enemyHeadColor":
	{
		"x": 0.60382735729217529,
		"y": 1,
		"z": 0
	},
	"enemyHeadColorOnHit":
	{
		"x": 1,
		"y": 1,
		"z": 1
	},
	"enemyHeadColorOnLookAt":
	{
		"x": 1,
		"y": 1,
		"z": 0
	},
	"enemyBodyColor":
	{
		"x": 0.50288647413253784,
		"y": 0.7758222222328186,
		"z": 0.010960093699395657
	},
	"enemyBodyColorOnHit":
	{
		"x": 1,
		"y": 1,
		"z": 1
	},
	"enemyBodyColorOnLookAt":
	{
		"x": 1,
		"y": 1,
		"z": 0
	},
	"changeEnemyColorOnHit": false,
	"changeEnemyColorOnLookAt": false,
	"teamGlowUpHead": 1,
	"teamGlowUpBody": 1,
	"enemyGlowUpHead": 1,
	"enemyGlowUpBody": 1,
	"enemyGlowUpHeadOnHit": 1,
	"enemyGlowUpBodyOnHit": 1,
	"enemyGlowUpHeadOnLookAt": 1,
	"enemyGlowUpBodyOnLookAt": 1,
	"skyPresetId": 3,
	"cloudCoverId": 4,
	"solidSkyColor": false,
	"sunVisible": false,
	"skyColor":
	{
		"b": 114,
		"g": 170,
		"r": 255,
		"a": 255
	}
}