{
	"themeName": "Simple Static",
	"wallMaterial": "PURE COLOR",
	"wallRoughness": 1,
	"wallMetallic": 1,
	"wallFullBright": 0.92000001668930054,
	"wallTint":
	{
		"x": 0.29177063703536987,
		"y": 0.29177063703536987,
		"z": 0.29177063703536987
	},
	"floorMaterial": "PURE COLOR",
	"floorRoughness": 1,
	"floorMetallic": 1,
	"floorFullBright": 1,
	"floorTint":
	{
		"x": 0.21223099529743195,
		"y": 0.21223099529743195,
		"z": 0.21223099529743195
	},
	"overrideEnemyHeadColor": true,
	"overrideEnemyBodyColor": true,
	"setEnemyBodyColorAsAttackColor": false,
	"enemyColorRoughness": 0.47999998927116394,
	"enemyColorMetallic": 0.81999999284744263,
	"enemyColorFullBright": 1,
	"enemyHeadColor":
	{
		"x": 0,
		"y": 0,
		"z": 0
	},
	"enemyBodyColor":
	{
		"x": 0,
		"y": 0,
		"z": 0
	},
	"skyPresetId": 8,
	"cloudCoverId": 0,
	"solidSkyColor": false,
	"sunVisible": false,
	"skyColor":
	{
		"b": 127,
		"g": 127,
		"r": 127,
		"a": 255
	}
}