{
	"themeName": "Standard",
	"wallMaterial": "PURE COLOR",
	"wallRoughness": 1,
	"wallMetallic": 1,
	"wallFullBright": 0.5,
	"wallTint":
	{
		"x": 0.5,
		"y": 0.5,
		"z": 0.5
	},
	"floorMaterial": "PURE COLOR",
	"floorRoughness": 1,
	"floorMetallic": 0,
	"floorFullBright": 1,
	"floorTint":
	{
		"x": 0.5,
		"y": 0.5,
		"z": 0.5
	},
	"overrideEnemyHeadColor": true,
	"overrideEnemyBodyColor": true,
	"setEnemyBodyColorAsAttackColor": false,
	"enemyColorRoughness": 0.15000000596046448,
	"enemyColorMetallic": 0.11999999731779099,
	"enemyColorFullBright": 0.56999999284744263,
	"enemyHeadColor":
	{
		"x": 0,
		"y": 0,
		"z": 0
	},
	"enemyBodyColor":
	{
		"x": 0,
		"y": 0,
		"z": 0
	},
	"skyPresetId": 10,
	"cloudCoverId": 0,
	"solidSkyColor": false,
	"sunVisible": true,
	"skyColor":
	{
		"b": 255,
		"g": 255,
		"r": 255,
		"a": 255
	}
}