{
	"themeName": "Strafe Aim",
	"wallMaterial": "CONCRETE TILES",
	"wallRoughness": 0.72000002861022949,
	"wallMetallic": 0,
	"wallFullBright": 1,
	"wallTint":
	{
		"x": 0.4019777774810791,
		"y": 0.4019777774810791,
		"z": 0.4019777774810791
	},
	"wallTextureScale": 1,
	"floorMaterial": "BRICK CLAY NEW",
	"floorRoughness": 1,
	"floorMetallic": 0,
	"floorFullBright": 1,
	"floorTint":
	{
		"x": 0.22322796285152435,
		"y": 0.23074004054069519,
		"z": 0.12743768095970154
	},
	"floorTextureScale": 1,
	"ceilingMaterial": "CONCRETE TILES",
	"ceilingRoughness": 1,
	"ceilingMetallic": 0,
	"ceilingFullBright": 1,
	"ceilingTint":
	{
		"x": 0.17144109308719635,
		"y": 0.17144109308719635,
		"z": 0.17144109308719635
	},
	"ceilingTextureScale": 1,
	"rampMaterial": "CONCRETE TILES",
	"rampRoughness": 0.72000002861022949,
	"rampMetallic": 0,
	"rampFullBright": 1,
	"rampTint":
	{
		"x": 0.17144109308719635,
		"y": 0.17144109308719635,
		"z": 0.17144109308719635
	},
	"rampTextureScale": 1,
	"overrideEnemyHeadColor": true,
	"overrideEnemyBodyColor": true,
	"setEnemyBodyColorAsAttackColor": false,
	"enemyColorRoughness": 1,
	"enemyColorMetallic": 1,
	"enemyColorFullBright": 1,
	"enemyHeadColor":
	{
		"x": 1,
		"y": 1,
		"z": 1
	},
	"enemyHeadColorOnHit":
	{
		"x": 1,
		"y": 1,
		"z": 1
	},
	"enemyHeadColorOnLookAt":
	{
		"x": 0.46207699179649353,
		"y": 0.79129797220230103,
		"z": 0.012285999953746796
	},
	"enemyBodyColor":
	{
		"x": 1,
		"y": 1,
		"z": 0.94730651378631592
	},
	"enemyBodyColorOnHit":
	{
		"x": 1,
		"y": 1,
		"z": 1
	},
	"enemyBodyColorOnLookAt":
	{
		"x": 0.46207699179649353,
		"y": 0.79129797220230103,
		"z": 0.012285999953746796
	},
	"changeEnemyColorOnHit": false,
	"changeEnemyColorOnLookAt": false,
	"teamGlowUpHead": 1,
	"teamGlowUpBody": 1,
	"enemyGlowUpHead": 1,
	"enemyGlowUpBody": 1,
	"enemyGlowUpHeadOnHit": 1,
	"enemyGlowUpBodyOnHit": 1,
	"enemyGlowUpHeadOnLookAt": 1,
	"enemyGlowUpBodyOnLookAt": 1,
	"skyPresetId": 0,
	"cloudCoverId": 0,
	"solidSkyColor": true,
	"sunVisible": true,
	"skyColor":
	{
		"b": 136,
		"g": 121,
		"r": 89,
		"a": 255
	}
}