{
	"themeName": "Target Switching",
	"wallMaterial": "PURE COLOR",
	"wallRoughness": 0.33000001311302185,
	"wallMetallic": 0.68000000715255737,
	"wallFullBright": 0.40000000596046448,
	"wallTint":
	{
		"x": 0.34670406579971313,
		"y": 0.34670406579971313,
		"z": 0.85499262809753418
	},
	"wallTextureScale": 1,
	"floorMaterial": "BRICK GREY",
	"floorRoughness": 0.92000001668930054,
	"floorMetallic": 0.89999997615814209,
	"floorFullBright": 0.5899999737739563,
	"floorTint":
	{
		"x": 0.55201137065887451,
		"y": 0.59061884880065918,
		"z": 0.85499262809753418
	},
	"floorTextureScale": 1,
	"ceilingMaterial": "PURE COLOR",
	"ceilingRoughness": 0.92000001668930054,
	"ceilingMetallic": 0.89999997615814209,
	"ceilingFullBright": 0.5899999737739563,
	"ceilingTint":
	{
		"x": 0.75294220447540283,
		"y": 0.75294220447540283,
		"z": 0.75294220447540283
	},
	"ceilingTextureScale": 1,
	"rampMaterial": "PURE COLOR",
	"rampRoughness": 0.33000001311302185,
	"rampMetallic": 0.68000000715255737,
	"rampFullBright": 0.40000000596046448,
	"rampTint":
	{
		"x": 0.75294220447540283,
		"y": 0.75294220447540283,
		"z": 0.75294220447540283
	},
	"rampTextureScale": 1,
	"overrideEnemyHeadColor": true,
	"overrideEnemyBodyColor": true,
	"setEnemyBodyColorAsAttackColor": false,
	"enemyColorRoughness": 0,
	"enemyColorMetallic": 1,
	"enemyColorFullBright": 0,
	"enemyHeadColor":
	{
		"x": 0.90104198455810547,
		"y": 0.012354999780654907,
		"z": 0.012354999780654907
	},
	"enemyHeadColorOnHit":
	{
		"x": 1,
		"y": 1,
		"z": 1
	},
	"enemyHeadColorOnLookAt":
	{
		"x": 0.46207699179649353,
		"y": 0.79129797220230103,
		"z": 0.012285999953746796
	},
	"enemyBodyColor":
	{
		"x": 0,
		"y": 0,
		"z": 0
	},
	"enemyBodyColorOnHit":
	{
		"x": 1,
		"y": 1,
		"z": 1
	},
	"enemyBodyColorOnLookAt":
	{
		"x": 0.46207699179649353,
		"y": 0.79129797220230103,
		"z": 0.012285999953746796
	},
	"changeEnemyColorOnHit": false,
	"changeEnemyColorOnLookAt": false,
	"teamGlowUpHead": 1,
	"teamGlowUpBody": 1,
	"enemyGlowUpHead": 1,
	"enemyGlowUpBody": 1000,
	"enemyGlowUpHeadOnHit": 1,
	"enemyGlowUpBodyOnHit": 1,
	"enemyGlowUpHeadOnLookAt": 1,
	"enemyGlowUpBodyOnLookAt": 1,
	"skyPresetId": 11,
	"cloudCoverId": 0,
	"solidSkyColor": false,
	"sunVisible": false,
	"skyColor":
	{
		"b": 255,
		"g": 255,
		"r": 255,
		"a": 255
	}
}