{
	"themeName": "thundah-bloodstorm-alt",
	"wallMaterial": "MARBLE POLISHED",
	"wallRoughness": 1,
	"wallMetallic": 1,
	"wallFullBright": 0.55000001192092896,
	"wallTint":
	{
		"x": 0.080219820141792297,
		"y": 0.080219820141792297,
		"z": 0.080219820141792297
	},
	"wallTextureScale": 1,
	"floorMaterial": "PLASTIC PANELS FACADE",
	"floorRoughness": 1,
	"floorMetallic": 1,
	"floorFullBright": 0.69112318754196167,
	"floorTint":
	{
		"x": 0.18782077729701996,
		"y": 0.18782077729701996,
		"z": 0.18782077729701996
	},
	"floorTextureScale": 1,
	"ceilingMaterial": "MARBLE POLISHED",
	"ceilingRoughness": 1,
	"ceilingMetallic": 1,
	"ceilingFullBright": 0.55000001192092896,
	"ceilingTint":
	{
		"x": 0.12743768095970154,
		"y": 0.12743768095970154,
		"z": 0.12743768095970154
	},
	"ceilingTextureScale": 1,
	"rampMaterial": "MARBLE POLISHED",
	"rampRoughness": 1,
	"rampMetallic": 1,
	"rampFullBright": 0.55000001192092896,
	"rampTint":
	{
		"x": 0.12743768095970154,
		"y": 0.12743768095970154,
		"z": 0.12743768095970154
	},
	"rampTextureScale": 1,
	"overrideEnemyHeadColor": true,
	"overrideEnemyBodyColor": true,
	"setEnemyBodyColorAsAttackColor": false,
	"enemyColorRoughness": 1,
	"enemyColorMetallic": 1,
	"enemyColorFullBright": 1,
	"enemyHeadColor":
	{
		"x": 0,
		"y": 0,
		"z": 0
	},
	"enemyHeadColorOnHit":
	{
		"x": 1,
		"y": 1,
		"z": 1
	},
	"enemyHeadColorOnLookAt":
	{
		"x": 1,
		"y": 1,
		"z": 0
	},
	"enemyBodyColor":
	{
		"x": 0.15199999511241913,
		"y": 0,
		"z": 0.022800000384449959
	},
	"enemyBodyColorOnHit":
	{
		"x": 1,
		"y": 1,
		"z": 1
	},
	"enemyBodyColorOnLookAt":
	{
		"x": 1,
		"y": 0.7758222222328186,
		"z": 0
	},
	"changeEnemyColorOnHit": false,
	"changeEnemyColorOnLookAt": false,
	"teamGlowUpHead": 1,
	"teamGlowUpBody": 1,
	"enemyGlowUpHead": 1,
	"enemyGlowUpBody": 200,
	"enemyGlowUpHeadOnHit": 1,
	"enemyGlowUpBodyOnHit": 1,
	"enemyGlowUpHeadOnLookAt": 1,
	"enemyGlowUpBodyOnLookAt": 1000,
	"skyPresetId": 11,
	"cloudCoverId": 0,
	"solidSkyColor": false,
	"sunVisible": false,
	"skyColor":
	{
		"b": 41,
		"g": 0,
		"r": 109,
		"a": 255
	}
}