{
	"themeName": "TS3",
	"wallMaterial": "CONCRETE TILES",
	"wallRoughness": 1,
	"wallMetallic": 1,
	"wallFullBright": 0,
	"wallTint":
	{
		"x": 0.50288647413253784,
		"y": 0.31854677200317383,
		"z": 0.16826939582824707
	},
	"floorMaterial": "CONCRETE TILES",
	"floorRoughness": 1,
	"floorMetallic": 1,
	"floorFullBright": 0,
	"floorTint":
	{
		"x": 0.50288647413253784,
		"y": 0.31854677200317383,
		"z": 0.16826939582824707
	},
	"overrideEnemyHeadColor": true,
	"overrideEnemyBodyColor": true,
	"setEnemyBodyColorAsAttackColor": false,
	"enemyColorRoughness": 0.62999999523162842,
	"enemyColorMetallic": 0,
	"enemyColorFullBright": 0.64999997615814209,
	"enemyHeadColor":
	{
		"x": 1,
		"y": 1,
		"z": 1
	},
	"enemyBodyColor":
	{
		"x": 1,
		"y": 1,
		"z": 1
	},
	"skyPresetId": 2,
	"cloudCoverId": 5,
	"solidSkyColor": false,
	"sunVisible": true,
	"skyColor":
	{
		"b": 114,
		"g": 153,
		"r": 188,
		"a": 255
	}
}