{
	"themeName": "vampH7per's Theme",
	"wallMaterial": "DRYWALL",
	"wallRoughness": 1,
	"wallMetallic": 1,
	"wallFullBright": 1,
	"wallTint":
	{
		"x": 0.061246052384376526,
		"y": 0.061246052384376526,
		"z": 0.061246052384376526
	},
	"wallTextureScale": 1,
	"floorMaterial": "WOOD PLANK",
	"floorRoughness": 1,
	"floorMetallic": 1,
	"floorFullBright": 0.69999998807907104,
	"floorTint":
	{
		"x": 0.080219820141792297,
		"y": 0.080219820141792297,
		"z": 0.080219820141792297
	},
	"floorTextureScale": 1,
	"ceilingMaterial": "DRYWALL",
	"ceilingRoughness": 1,
	"ceilingMetallic": 1,
	"ceilingFullBright": 1,
	"ceilingTint":
	{
		"x": 0.031896032392978668,
		"y": 0.031896032392978668,
		"z": 0.031896032392978668
	},
	"ceilingTextureScale": 1,
	"rampMaterial": "DRYWALL",
	"rampRoughness": 1,
	"rampMetallic": 1,
	"rampFullBright": 1,
	"rampTint":
	{
		"x": 0.26225066184997559,
		"y": 0.26225066184997559,
		"z": 0.26225066184997559
	},
	"rampTextureScale": 1,
	"overrideEnemyHeadColor": true,
	"overrideEnemyBodyColor": true,
	"setEnemyBodyColorAsAttackColor": false,
	"enemyColorRoughness": 1,
	"enemyColorMetallic": 0,
	"enemyColorFullBright": 0.80000001192092896,
	"enemyHeadColor":
	{
		"x": 0.28314873576164246,
		"y": 0.080219820141792297,
		"z": 0.28314873576164246
	},
	"enemyHeadColorOnHit":
	{
		"x": 1,
		"y": 1,
		"z": 1
	},
	"enemyHeadColorOnLookAt":
	{
		"x": 1,
		"y": 1,
		"z": 0
	},
	"enemyBodyColor":
	{
		"x": 0.28314873576164246,
		"y": 0.080219820141792297,
		"z": 0.28314873576164246
	},
	"enemyBodyColorOnHit":
	{
		"x": 1,
		"y": 1,
		"z": 1
	},
	"enemyBodyColorOnLookAt":
	{
		"x": 1,
		"y": 1,
		"z": 0
	},
	"changeEnemyColorOnHit": false,
	"changeEnemyColorOnLookAt": false,
	"teamGlowUpHead": 1,
	"teamGlowUpBody": 1,
	"enemyGlowUpHead": 1,
	"enemyGlowUpBody": 1,
	"enemyGlowUpHeadOnHit": 1,
	"enemyGlowUpBodyOnHit": 1,
	"enemyGlowUpHeadOnLookAt": 1,
	"enemyGlowUpBodyOnLookAt": 1,
	"skyPresetId": 1,
	"cloudCoverId": 5,
	"solidSkyColor": false,
	"sunVisible": true,
	"skyColor":
	{
		"b": 163,
		"g": 178,
		"r": 206,
		"a": 255
	}
}